"step","time","part","epoch","loss","lr","auroc","auprc","auroc_age_cond","auroc_I0002","auroc_I0006","auroc_S0001"
20,"2026-08-03 22:17:54.065527","train",0,2.720705032348633,4.000961077716325e-05,"","","","","",""
40,"2026-08-03 22:17:54.898146","train",0,1.1665897369384766,4.00384427237903e-05,"","","","","",""
60,"2026-08-03 22:17:55.711319","train",0,1.6801326274871826,4.008649468530861e-05,"","","","","",""
80,"2026-08-03 22:17:56.533869","train",0,0.6636254787445068,4.01537647374818e-05,"","","","","",""
100,"2026-08-03 22:17:57.330851","train",0,1.6747846603393555,4.024025018648739e-05,"","","","","",""
120,"2026-08-03 22:17:58.173979","train",0,0.6701412200927734,4.034594756902347e-05,"","","","","",""
140,"2026-08-03 22:17:58.979438","train",0,0.6732511520385742,4.047085265244867e-05,"","","","","",""
160,"2026-08-03 22:17:59.797832","train",0,0.6723580360412598,4.061496043495044e-05,"","","","","",""
180,"2026-08-03 22:18:00.617913","train",0,0.669752836227417,4.077826514574693e-05,"","","","","",""
200,"2026-08-03 22:18:01.454182","train",0,0.6719838380813599,4.096076024531585e-05,"","","","","",""
220,"2026-08-03 22:18:02.285361","train",0,1.1705142259597778,4.11624384256587e-05,"","","","","",""
240,"2026-08-03 22:18:03.093610","train",0,1.6733344793319702,4.138329161059199e-05,"","","","","",""
260,"2026-08-03 22:18:03.893066","train",0,0.673172652721405,4.162331095607075e-05,"","","","","",""
280,"2026-08-03 22:18:04.794177","train",0,1.16994047164917,4.188248685054331e-05,"","","","","",""
300,"2026-08-03 22:18:05.597327","train",0,0.6819475889205933,4.2160808915335285e-05,"","","","","",""
320,"2026-08-03 22:18:06.426310","train",0,0.6846890449523926,4.245826600506649e-05,"","","","","",""
331,"2026-08-03 22:18:22.658995","val",0,"","",0.7432939510597814,0.19157641071575826,0.5720893141945773,0.7578616352201257,0.7432950191570882,0.7424173731695153
340,"2026-08-03 22:18:33.649845","train",1,1.1691339015960693,4.277484620809587e-05,"","","","","",""
360,"2026-08-03 22:18:34.560629","train",1,3.1168370246887207,4.311053684699932e-05,"","","","","",""
380,"2026-08-03 22:18:35.398882","train",1,1.1671779155731201,4.3465324479077306e-05,"","","","","",""
400,"2026-08-03 22:18:36.179492","train",1,1.1621148586273193,4.383919489689262e-05,"","","","","",""
420,"2026-08-03 22:18:36.982002","train",1,1.1673330068588257,4.423213312884015e-05,"","","","","",""
440,"2026-08-03 22:18:37.808747","train",1,1.1743477582931519,4.4644123439745663e-05,"","","","","",""
460,"2026-08-03 22:18:38.627974","train",1,0.6925007700920105,4.5075149331496385e-05,"","","","","",""
480,"2026-08-03 22:18:39.415507","train",1,2.1277036666870117,4.55251935437015e-05,"","","","","",""
500,"2026-08-03 22:18:40.190626","train",1,0.6962941884994507,4.599423805438333e-05,"","","","","",""
520,"2026-08-03 22:18:41.028246","train",1,2.106570243835449,4.648226408069918e-05,"","","","","",""
540,"2026-08-03 22:18:41.872708","train",1,1.647867202758789,4.698925207969316e-05,"","","","","",""
560,"2026-08-03 22:18:42.693386","train",1,0.6921809315681458,4.7515181749079255e-05,"","","","","",""
580,"2026-08-03 22:18:43.539502","train",1,0.6864288449287415,4.8060032028053655e-05,"","","","","",""
600,"2026-08-03 22:18:44.416592","train",1,1.1770522594451904,4.8623781098138886e-05,"","","","","",""
620,"2026-08-03 22:18:45.282536","train",1,2.162693977355957,4.9206406384057146e-05,"","","","","",""
640,"2026-08-03 22:18:46.118025","train",1,1.157166838645935,4.98078845546342e-05,"","","","","",""
660,"2026-08-03 22:18:46.886367","train",1,1.1709644794464111,5.042819152373398e-05,"","","","","",""
662,"2026-08-03 22:19:02.743626","val",1,"","",0.7044382494800655,0.1528246654645551,0.5725677830940988,0.7232704402515724,0.7389162561576355,0.6969669492678062
680,"2026-08-03 22:19:14.077477","train",2,1.1466209888458252,5.106730245122294e-05,"","","","","",""
700,"2026-08-03 22:19:14.883173","train",2,1.1657160520553589,5.172519174396475e-05,"","","","","",""
720,"2026-08-03 22:19:15.641867","train",2,1.1458860635757446,5.240183305684528e-05,"","","","","",""
740,"2026-08-03 22:19:16.568122","train",2,0.6657664775848389,5.3097199293827856e-05,"","","","","",""
760,"2026-08-03 22:19:17.378408","train",2,2.017568826675415,5.3811262609037235e-05,"","","","","",""
780,"2026-08-03 22:19:18.222782","train",2,2.0516180992126465,5.4543994407876134e-05,"","","","","",""
800,"2026-08-03 22:19:18.997573","train",2,1.1938081979751587,5.529536534816916e-05,"","","","","",""
820,"2026-08-03 22:19:19.782656","train",2,0.687658429145813,5.6065345341338967e-05,"","","","","",""
840,"2026-08-03 22:19:20.649250","train",2,1.5651320219039917,5.685390355360969e-05,"","","","","",""
860,"2026-08-03 22:19:21.499563","train",2,0.6680532693862915,5.766100840724254e-05,"","","","","",""
880,"2026-08-03 22:19:22.307413","train",2,1.644089937210083,5.8486627581800935e-05,"","","","","",""
900,"2026-08-03 22:19:23.098033","train",2,0.6193870902061462,5.9330728015443194e-05,"","","","","",""
920,"2026-08-03 22:19:24.036990","train",2,1.1951642036437988,6.019327590624799e-05,"","","","","",""
940,"2026-08-03 22:19:24.832888","train",2,0.6130949854850769,6.107423671356709e-05,"","","","","",""
960,"2026-08-03 22:19:25.618226","train",2,2.4869272708892822,6.19735751594087e-05,"","","","","",""
980,"2026-08-03 22:19:26.402486","train",2,1.2250547409057617,6.289125522985031e-05,"","","","","",""
993,"2026-08-03 22:19:42.916927","val",2,"","",0.699340678791097,0.14537651534115167,0.5822966507177033,0.7578616352201257,0.7660098522167487,0.6753713862568195
1000,"2026-08-03 22:19:53.761142","train",3,1.1795454025268555,6.382724017648094e-05,"","","","","",""
1020,"2026-08-03 22:19:54.551073","train",3,1.1431756019592285,6.478149251787249e-05,"","","","","",""
1040,"2026-08-03 22:19:55.419095","train",3,1.6289129257202148,6.575397404108042e-05,"","","","","",""
1060,"2026-08-03 22:19:56.239891","train",3,1.6824243068695068,6.674464580317513e-05,"","","","","",""
1080,"2026-08-03 22:19:57.038433","train",3,1.4921705722808838,6.775346813279993e-05,"","","","","",""
1100,"2026-08-03 22:19:57.854798","train",3,1.137290358543396,6.878040063176068e-05,"","","","","",""
1120,"2026-08-03 22:19:58.713485","train",3,1.1324883699417114,6.982540217664304e-05,"","","","","",""
1140,"2026-08-03 22:19:59.493344","train",3,1.3840136528015137,7.088843092045976e-05,"","","","","",""
1160,"2026-08-03 22:20:00.370830","train",3,0.5880920886993408,7.196944429432579e-05,"","","","","",""
1180,"2026-08-03 22:20:01.158277","train",3,1.0874263048171997,7.306839900916373e-05,"","","","","",""
1200,"2026-08-03 22:20:01.998670","train",3,0.9912922978401184,7.418525105743617e-05,"","","","","",""
1220,"2026-08-03 22:20:02.856583","train",3,0.4119008183479309,7.531995571490946e-05,"","","","","",""
1240,"2026-08-03 22:20:03.686785","train",3,1.113295078277588,7.64724675424433e-05,"","","","","",""
1260,"2026-08-03 22:20:04.492475","train",3,1.3630790710449219,7.764274038781144e-05,"","","","","",""
1280,"2026-08-03 22:20:05.267816","train",3,1.9482284784317017,7.883072738754896e-05,"","","","","",""
1300,"2026-08-03 22:20:06.059404","train",3,0.5166960954666138,8.003638096882963e-05,"","","","","",""
1320,"2026-08-03 22:20:06.901903","train",3,0.4759232997894287,8.125965285137049e-05,"","","","","",""
1324,"2026-08-03 22:20:22.890944","val",3,"","",0.7331917341475287,0.19322297125841398,0.5523923444976077,0.8301886792452831,0.7621784345922277,0.7164165571020538
1340,"2026-08-03 22:20:34.017672","train",4,1.1186563968658447,8.250049404936522e-05,"","","","","",""
1360,"2026-08-03 22:20:34.888699","train",4,1.6510952711105347,8.375885487344641e-05,"","","","","",""
1380,"2026-08-03 22:20:35.704891","train",4,1.9607112407684326,8.503468493267449e-05,"","","","","",""
1400,"2026-08-03 22:20:36.506807","train",4,0.5179320573806763,8.632793313655585e-05,"","","","","",""
1420,"2026-08-03 22:20:37.323397","train",4,1.6399303674697876,8.763854769708974e-05,"","","","","",""
1440,"2026-08-03 22:20:38.166655","train",4,1.8120883703231812,8.896647613084049e-05,"","","","","",""
1460,"2026-08-03 22:20:38.982366","train",4,0.5390137434005737,9.03116652610403e-05,"","","","","",""
1480,"2026-08-03 22:20:39.831111","train",4,0.919487476348877,9.167406121971856e-05,"","","","","",""
1500,"2026-08-03 22:20:40.594476","train",4,0.48506689071655273,9.30536094498587e-05,"","","","","",""
1520,"2026-08-03 22:20:41.396961","train",4,1.2991437911987305,9.445025470758309e-05,"","","","","",""
1540,"2026-08-03 22:20:42.221853","train",4,0.8793704509735107,9.586394106436528e-05,"","","","","",""
1560,"2026-08-03 22:20:43.083002","train",4,0.957436740398407,9.729461190926961e-05,"","","","","",""
1580,"2026-08-03 22:20:43.986079","train",4,1.1407121419906616,9.874220995121838e-05,"","","","","",""
1600,"2026-08-03 22:20:44.843363","train",4,0.4901632070541382,0.0001002066772212856,"","","","","",""
1620,"2026-08-03 22:20:45.684412","train",4,2.893747091293335,0.00010168795507501868,"","","","","",""
1640,"2026-08-03 22:20:46.541752","train",4,2.359158515930176,0.00010318598419478719,"","","","","",""
1655,"2026-08-03 22:21:02.931457","val",4,"","",0.7489534935174122,0.20280642625579562,0.5812599681020734,0.8742138364779874,0.7947454844006568,0.727569479076937
1660,"2026-08-03 22:21:13.700613","train",5,2.564711093902588,0.0001047007045921574,"","","","","",""
1680,"2026-08-03 22:21:14.534329","train",5,0.497450590133667,0.00010623205561029517,"","","","","",""
1700,"2026-08-03 22:21:15.328422","train",5,2.355787754058838,0.00010777997592639472,"","","","","",""
1720,"2026-08-03 22:21:16.122459","train",5,2.366950750350952,0.00010934440355413416,"","","","","",""
1740,"2026-08-03 22:21:17.009630","train",5,3.105595827102661,0.0001109252758461582,"","","","","",""
1760,"2026-08-03 22:21:17.803171","train",5,0.9765449166297913,0.00011252252949658611,"","","","","",""
1780,"2026-08-03 22:21:18.614880","train",5,0.44489586353302,0.00011413610054354759,"","","","","",""
1800,"2026-08-03 22:21:19.425960","train",5,0.3905148506164551,0.00011576592437174352,"","","","","",""
1820,"2026-08-03 22:21:20.204427","train",5,1.028080940246582,0.00011741193571503388,"","","","","",""
1840,"2026-08-03 22:21:21.100489","train",5,0.5117914080619812,0.00011907406865905104,"","","","","",""
1860,"2026-08-03 22:21:22.023994","train",5,2.4588894844055176,0.00012075225664383922,"","","","","",""
1880,"2026-08-03 22:21:22.828025","train",5,0.7034813165664673,0.0001224464324665205,"","","","","",""
1900,"2026-08-03 22:21:23.655451","train",5,0.6569015979766846,0.00012415652828398518,"","","","","",""
1920,"2026-08-03 22:21:24.438520","train",5,1.4365639686584473,0.00012588247561560887,"","","","","",""
1940,"2026-08-03 22:21:25.347243","train",5,0.5729197859764099,0.0001276242053459951,"","","","","",""
1960,"2026-08-03 22:21:26.151130","train",5,1.128859043121338,0.00012938164772774235,"","","","","",""
1980,"2026-08-03 22:21:26.998460","train",5,1.0393805503845215,0.00013115473238423786,"","","","","",""
1986,"2026-08-03 22:21:43.059296","val",5,"","",0.7941590335855568,0.2581761695492464,0.6006379585326954,0.8081761006289307,0.8248494800218937,0.7812788079370117
2000,"2026-08-03 22:21:54.241943","train",6,1.1979882717132568,0.000132943388312475,"","","","","",""
2020,"2026-08-03 22:21:55.007190","train",6,1.5059897899627686,0.00013474754388589764,"","","","","",""
2040,"2026-08-03 22:21:55.863438","train",6,2.083306074142456,0.0001365671268572673,"","","","","",""
2060,"2026-08-03 22:21:56.654375","train",6,0.6400709748268127,0.00013840206436155724,"","","","","",""
2080,"2026-08-03 22:21:57.596597","train",6,0.3221774101257324,0.00014025228291886943,"","","","","",""
2100,"2026-08-03 22:21:58.422171","train",6,0.6087735891342163,0.00014211770843737786,"","","","","",""
2120,"2026-08-03 22:21:59.267488","train",6,0.6442815065383911,0.00014399826621629543,"","","","","",""
2140,"2026-08-03 22:22:00.099667","train",6,0.6513130068778992,0.00014589388094886433,"","","","","",""
2160,"2026-08-03 22:22:00.912430","train",6,2.3375816345214844,0.00014780447672537356,"","","","","",""
2180,"2026-08-03 22:22:01.751671","train",6,0.9264810085296631,0.00014972997703619644,"","","","","",""
2200,"2026-08-03 22:22:02.606795","train",6,0.3767171800136566,0.00015167030477485663,"","","","","",""
2220,"2026-08-03 22:22:03.373502","train",6,1.7685825824737549,0.00015362538224111442,"","","","","",""
2240,"2026-08-03 22:22:04.294002","train",6,2.248452663421631,0.0001555951311440787,"","","","","",""
2260,"2026-08-03 22:22:05.107104","train",6,0.6597511768341064,0.00015757947260534194,"","","","","",""
2280,"2026-08-03 22:22:05.916562","train",6,1.456494688987732,0.00015957832716213913,"","","","","",""
2300,"2026-08-03 22:22:06.726206","train",6,1.4314603805541992,0.00016159161477052994,"","","","","",""
2317,"2026-08-03 22:22:23.066143","val",6,"","",0.8025841851409354,0.27177130617865125,0.6236044657097288,0.839622641509434,0.8440065681444991,0.786477459914464
2320,"2026-08-03 22:22:33.687277","train",7,0.549706220626831,0.00016361925480860352,"","","","","",""
2340,"2026-08-03 22:22:34.582632","train",7,3.162916660308838,0.0001656611660797077,"","","","","",""
2360,"2026-08-03 22:22:35.396246","train",7,0.8946669101715088,0.00016771726681569948,"","","","","",""
2380,"2026-08-03 22:22:36.162478","train",7,0.28406643867492676,0.00016978747468022104,"","","","","",""
2400,"2026-08-03 22:22:36.995285","train",7,2.301846504211426,0.00017187170677199508,"","","","","",""
2420,"2026-08-03 22:22:37.854140","train",7,3.499447822570801,0.00017396987962814598,"","","","","",""
2440,"2026-08-03 22:22:38.704624","train",7,2.8798463344573975,0.00017608190922754115,"","","","","",""
2460,"2026-08-03 22:22:39.513100","train",7,0.3427445888519287,0.00017820771099415645,"","","","","",""
2480,"2026-08-03 22:22:40.343542","train",7,0.7374012470245361,0.0001803471998004624,"","","","","",""
2500,"2026-08-03 22:22:41.188502","train",7,0.5398403406143188,0.00018250028997083341,"","","","","",""
2520,"2026-08-03 22:22:42.048407","train",7,1.9431313276290894,0.0001846668952849782,"","","","","",""
2540,"2026-08-03 22:22:42.833889","train",7,2.070549726486206,0.00018684692898139328,"","","","","",""
2560,"2026-08-03 22:22:43.631994","train",7,0.927041232585907,0.00018904030376083682,"","","","","",""
2580,"2026-08-03 22:22:44.472687","train",7,0.4019654393196106,0.0001912469317898244,"","","","","",""
2600,"2026-08-03 22:22:45.278589","train",7,1.439894199371338,0.0001934667247041464,"","","","","",""
2620,"2026-08-03 22:22:46.108473","train",7,0.32160234451293945,0.00019569959361240708,"","","","","",""
2640,"2026-08-03 22:22:47.002965","train",7,1.619663119316101,0.0001979454490995834,"","","","","",""
2648,"2026-08-03 22:23:03.038766","val",7,"","",0.8039824771007567,0.2765703769371826,0.6436204146730462,0.8490566037735849,0.854953475643131,0.7858729654984813
2660,"2026-08-03 22:23:14.117002","train",8,1.0288796424865723,0.0002002042012306059,"","","","","",""
2680,"2026-08-03 22:23:14.955196","train",8,2.0066416263580322,0.00020247575955396045,"","","","","",""
2700,"2026-08-03 22:23:15.806485","train",8,4.708317279815674,0.00020476003310531028,"","","","","",""
2720,"2026-08-03 22:23:16.649927","train",8,0.527153491973877,0.00020705693041113838,"","","","","",""
2740,"2026-08-03 22:23:17.467032","train",8,0.3660832643508911,0.00020936635949241067,"","","","","",""
2760,"2026-08-03 22:23:18.327041","train",8,1.5742326974868774,0.00021168822786825912,"","","","","",""
2780,"2026-08-03 22:23:19.136988","train",8,1.2072087526321411,0.00021402244255968586,"","","","","",""
2800,"2026-08-03 22:23:19.963382","train",8,1.9494376182556152,0.00021636891009328555,"","","","","",""
2820,"2026-08-03 22:23:20.901096","train",8,0.33077993988990784,0.00021872753650498903,"","","","","",""
2840,"2026-08-03 22:23:21.733481","train",8,0.0939379408955574,0.00022109822734382625,"","","","","",""
2860,"2026-08-03 22:23:22.638777","train",8,0.2128124237060547,0.00022348088767570786,"","","","","",""
2880,"2026-08-03 22:23:23.424264","train",8,0.9733593463897705,0.00022587542208722786,"","","","","",""
2900,"2026-08-03 22:23:24.186727","train",8,0.6854293942451477,0.0002282817346894836,"","","","","",""
2920,"2026-08-03 22:23:24.932465","train",8,1.3385276794433594,0.00023069972912191552,"","","","","",""
2940,"2026-08-03 22:23:25.730675","train",8,1.9840528964996338,0.00023312930855616694,"","","","","",""
2960,"2026-08-03 22:23:26.546550","train",8,1.190356969833374,0.00023557037569996078,"","","","","",""
2979,"2026-08-03 22:23:43.115928","val",8,"","",0.8074516571529713,0.27512226484198554,0.6310207336523126,0.7547169811320755,0.8418171866447728,0.7993531909748983
2980,"2026-08-03 22:23:53.662494","train",9,0.7452873587608337,0.00023802283280099522,"","","","","",""
3000,"2026-08-03 22:23:54.453384","train",9,0.1357823759317398,0.00024048658165085914,"","","","","",""
3020,"2026-08-03 22:23:55.282382","train",9,2.4631104469299316,0.00024296152358896416,"","","","","",""
3040,"2026-08-03 22:23:56.092941","train",9,2.1346821784973145,0.000245447559506496,"","","","","",""
3060,"2026-08-03 22:23:56.918467","train",9,0.6929687857627869,0.0002479445898503829,"","","","","",""
3080,"2026-08-03 22:23:57.711804","train",9,0.6051074266433716,0.00025045251462728227,"","","","","",""
3100,"2026-08-03 22:23:58.505203","train",9,2.4354851245880127,0.0002529712334075852,"","","","","",""
3120,"2026-08-03 22:23:59.405863","train",9,1.2655209302902222,0.00025550064532943754,"","","","","",""
3140,"2026-08-03 22:24:00.198246","train",9,0.2521560490131378,0.00025804064910277984,"","","","","",""
3160,"2026-08-03 22:24:01.023428","train",9,1.8225618600845337,0.00026059114301340235,"","","","","",""
3180,"2026-08-03 22:24:01.890553","train",9,1.836212396621704,0.00026315202492701955,"","","","","",""
3200,"2026-08-03 22:24:02.692079","train",9,0.3209524154663086,0.0002657231922933586,"","","","","",""
3220,"2026-08-03 22:24:03.486452","train",9,0.4061740040779114,0.00026830454215026687,"","","","","",""
3240,"2026-08-03 22:24:04.350788","train",9,0.31025293469429016,0.0002708959711278352,"","","","","",""
3260,"2026-08-03 22:24:05.134308","train",9,0.7794140577316284,0.0002734973754525365,"","","","","",""
3280,"2026-08-03 22:24:05.989814","train",9,0.8241392970085144,0.0002761086509513826,"","","","","",""
3300,"2026-08-03 22:24:06.779535","train",9,0.32409751415252686,0.0002787296930560941,"","","","","",""
3310,"2026-08-03 22:24:22.803409","val",9,"","",0.8040975264392229,0.2638290713185687,0.6220095693779905,0.7735849056603774,0.8322386425834701,0.7977210560517448
3320,"2026-08-03 22:24:33.643875","train",10,1.8158104419708252,0.00028136039680728964,"","","","","",""
3340,"2026-08-03 22:24:34.443972","train",10,0.2344997525215149,0.0002840006568586875,"","","","","",""
3360,"2026-08-03 22:24:35.249211","train",10,0.5874165296554565,0.0002866503674813256,"","","","","",""
3380,"2026-08-03 22:24:36.090654","train",10,0.7436634302139282,0.000289309422567794,"","","","","",""
3400,"2026-08-03 22:24:36.946993","train",10,0.3536335229873657,0.00029197771563648455,"","","","","",""
3420,"2026-08-03 22:24:37.776016","train",10,0.9125597476959229,0.00029465513983585536,"","","","","",""
3440,"2026-08-03 22:24:38.620775","train",10,2.312373638153076,0.00029734158794870915,"","","","","",""
3460,"2026-08-03 22:24:39.500558","train",10,0.8310027122497559,0.0003000369523964869,"","","","","",""
3480,"2026-08-03 22:24:40.404098","train",10,0.265905499458313,0.00030274112524357596,"","","","","",""
3500,"2026-08-03 22:24:41.212489","train",10,0.11517070233821869,0.0003054539982016316,"","","","","",""
3520,"2026-08-03 22:24:42.069526","train",10,0.3195241689682007,0.0003081754626339145,"","","","","",""
3540,"2026-08-03 22:24:42.899489","train",10,0.9768975973129272,0.0003109054095596404,"","","","","",""
3560,"2026-08-03 22:24:43.700598","train",10,0.33872106671333313,0.00031364372965834444,"","","","","",""
3580,"2026-08-03 22:24:44.526376","train",10,0.3095974326133728,0.0003163903132742591,"","","","","",""
3600,"2026-08-03 22:24:45.412373","train",10,0.5286754369735718,0.00031914505042070446,"","","","","",""
3620,"2026-08-03 22:24:46.218761","train",10,0.548176109790802,0.0003219078307844937,"","","","","",""
3640,"2026-08-03 22:24:47.009923","train",10,0.989598274230957,0.00032467854373035003,"","","","","",""
3641,"2026-08-03 22:25:02.680496","val",10,"","",0.8173636001592991,0.2840267197153193,0.6739234449760766,0.8144654088050315,0.8535851122058018,0.808133472367049
3660,"2026-08-03 22:25:13.934682","train",11,1.555795669555664,0.0003274570783053372,"","","","","",""
3680,"2026-08-03 22:25:14.715581","train",11,1.7181512117385864,0.0003302433232433027,"","","","","",""
3700,"2026-08-03 22:25:15.514104","train",11,0.8658531904220581,0.0003330371669693329,"","","","","",""
3720,"2026-08-03 22:25:16.413181","train",11,0.22589156031608582,0.0003358384976042217,"","","","","",""
3740,"2026-08-03 22:25:17.237250","train",11,4.05793571472168,0.0003386472029689503,"","","","","",""
3760,"2026-08-03 22:25:18.122862","train",11,0.46175581216812134,0.0003414631705891799,"","","","","",""
3780,"2026-08-03 22:25:18.912511","train",11,0.6445079445838928,0.0003442862876997547,"","","","","",""
3800,"2026-08-03 22:25:19.777611","train",11,0.40869492292404175,0.000347116441249219,"","","","","",""
3820,"2026-08-03 22:25:20.614197","train",11,2.367445945739746,0.00034995351790434296,"","","","","",""
3840,"2026-08-03 22:25:21.426825","train",11,0.6018667817115784,0.0003527974040546621,"","","","","",""
3860,"2026-08-03 22:25:22.305567","train",11,0.6886869668960571,0.00035564798581702584,"","","","","",""
3880,"2026-08-03 22:25:23.075248","train",11,0.35028234124183655,0.00035850514904015897,"","","","","",""
3900,"2026-08-03 22:25:23.859051","train",11,1.5168713331222534,0.0003613687793092321,"","","","","",""
3920,"2026-08-03 22:25:24.764996","train",11,1.126160979270935,0.0003642387619504436,"","","","","",""
3940,"2026-08-03 22:25:25.557387","train",11,0.3370981812477112,0.00036711498203561145,"","","","","",""
3960,"2026-08-03 22:25:26.350443","train",11,2.621473550796509,0.0003699973243867762,"","","","","",""
3972,"2026-08-03 22:25:42.662506","val",11,"","",0.8053365193150139,0.283507782052011,0.6370015948963318,0.7578616352201257,0.8106185002736728,0.804294932825558
3980,"2026-08-03 22:25:53.427030","train",12,0.7680243253707886,0.00037288567358081275,"","","","","",""
4000,"2026-08-03 22:25:54.248898","train",12,0.9962249398231506,0.0003757799139540523,"","","","","",""
4020,"2026-08-03 22:25:55.095720","train",12,0.6605813503265381,0.0003786799296069146,"","","","","",""
4040,"2026-08-03 22:25:55.921344","train",12,1.4398273229599,0.00038158560440854864,"","","","","",""
4060,"2026-08-03 22:25:56.695617","train",12,0.32621702551841736,0.0003844968220014836,"","","","","",""
4080,"2026-08-03 22:25:57.553966","train",12,0.14269360899925232,0.00038741346580628804,"","","","","",""
4100,"2026-08-03 22:25:58.358531","train",12,1.5021063089370728,0.0003903354190262381,"","","","","",""
4120,"2026-08-03 22:25:59.270103","train",12,1.0042256116867065,0.0003932625646519954,"","","","","",""
4140,"2026-08-03 22:26:00.158108","train",12,1.0354313850402832,0.0003961947854662915,"","","","","",""
4160,"2026-08-03 22:26:00.974824","train",12,1.0332558155059814,0.0003991319640486234,"","","","","",""
4180,"2026-08-03 22:26:01.836393","train",12,2.5166497230529785,0.00040207398277995385,"","","","","",""
4200,"2026-08-03 22:26:02.729189","train",12,0.4117116928100586,0.00040502072384742294,"","","","","",""
4220,"2026-08-03 22:26:03.601252","train",12,1.1666476726531982,0.00040797206924906486,"","","","","",""
4240,"2026-08-03 22:26:04.388987","train",12,1.029691457748413,0.0004109279007985338,"","","","","",""
4260,"2026-08-03 22:26:05.333234","train",12,1.3580893278121948,0.0004138881001298369,"","","","","",""
4280,"2026-08-03 22:26:06.121424","train",12,1.4629862308502197,0.00041685254870207325,"","","","","",""
4300,"2026-08-03 22:26:06.902841","train",12,0.5301613211631775,0.0004198211278041821,"","","","","",""
4303,"2026-08-03 22:26:23.033997","val",12,"","",0.7966370193371387,0.2663536550336963,0.6114035087719298,0.7641509433962264,0.8037766830870279,0.7946079098094331
4320,"2026-08-03 22:26:34.332580","train",13,1.3215373754501343,0.00042279371855969577,"","","","","",""
4340,"2026-08-03 22:26:35.238243","train",13,0.4309149980545044,0.00042577020193150007,"","","","","",""
4360,"2026-08-03 22:26:36.041509","train",13,2.121985673904419,0.0004287504587266017,"","","","","",""
4380,"2026-08-03 22:26:36.807880","train",13,0.6775567531585693,0.000431734369600901,"","","","","",""
4400,"2026-08-03 22:26:37.607427","train",13,1.220546841621399,0.00043472181506397096,"","","","","",""
4420,"2026-08-03 22:26:38.410351","train",13,1.0281506776809692,0.0004377126754838422,"","","","","",""
4440,"2026-08-03 22:26:39.322701","train",13,0.796654224395752,0.0004407068310917937,"","","","","",""
4460,"2026-08-03 22:26:40.144601","train",13,0.41637706756591797,0.0004437041619871491,"","","","","",""
4480,"2026-08-03 22:26:41.010364","train",13,1.0018012523651123,0.0004467045481420781,"","","","","",""
4500,"2026-08-03 22:26:41.921465","train",13,0.27518197894096375,0.0004497078694064024,"","","","","",""
4520,"2026-08-03 22:26:42.678543","train",13,1.79925537109375,0.0004527140055124078,"","","","","",""
4540,"2026-08-03 22:26:43.502140","train",13,2.0554518699645996,0.0004557228360796599,"","","","","",""
4560,"2026-08-03 22:26:44.355398","train",13,0.2628055214881897,0.0004587342406198251,"","","","","",""
4580,"2026-08-03 22:26:45.169663","train",13,0.9062503576278687,0.00046174809854149495,"","","","","",""
4600,"2026-08-03 22:26:46.008013","train",13,0.24394601583480835,0.0004647642891550159,"","","","","",""
4620,"2026-08-03 22:26:46.833941","train",13,2.074678421020508,0.0004677826916773218,"","","","","",""
4634,"2026-08-03 22:27:03.164544","val",13,"","",0.8004336475065268,0.27631150109109814,0.6257575757575757,0.779874213836478,0.8103448275862069,0.7978872920161401
4640,"2026-08-03 22:27:13.956886","train",14,0.652167797088623,0.0004708031852367709,"","","","","",""
4660,"2026-08-03 22:27:14.752740","train",14,0.863598108291626,0.00047382564887798583,"","","","","",""
4680,"2026-08-03 22:27:15.634977","train",14,0.6361924409866333,0.0004768499615666978,"","","","","",""
4700,"2026-08-03 22:27:16.418939","train",14,0.7458995580673218,0.0004798760021945931,"","","","","",""
4720,"2026-08-03 22:27:17.240295","train",14,0.23975904285907745,0.0004829036495841624,"","","","","",""
4740,"2026-08-03 22:27:18.133687","train",14,2.917931079864502,0.00048593278249355455,"","","","","",""
4760,"2026-08-03 22:27:18.914861","train",14,1.3968712091445923,0.0004889632796214299,"","","","","",""
4780,"2026-08-03 22:27:19.704563","train",14,0.8392444252967834,0.0004919950196118196,"","","","","",""
4800,"2026-08-03 22:27:20.490542","train",14,2.494485855102539,0.0004950278810589842,"","","","","",""
4820,"2026-08-03 22:27:21.327815","train",14,0.6602945327758789,0.0004980617425122757,"","","","","",""
4840,"2026-08-03 22:27:22.155255","train",14,1.969192385673523,0.0005010964824810007,"","","","","",""
4860,"2026-08-03 22:27:22.992904","train",14,0.3992319107055664,0.0005041319794392861,"","","","","",""
4880,"2026-08-03 22:27:23.784215","train",14,0.5046400427818298,0.0005071681118309449,"","","","","",""
4900,"2026-08-03 22:27:24.662149","train",14,0.4109424650669098,0.0005102047580743444,"","","","","",""
4920,"2026-08-03 22:27:25.472178","train",14,0.31681469082832336,0.0005132417965672748,"","","","","",""
4940,"2026-08-03 22:27:26.344707","train",14,0.4394580125808716,0.0005162791056918187,"","","","","",""
4960,"2026-08-03 22:27:27.153336","train",14,0.6835865378379822,0.000519316563819221,"","","","","",""
4965,"2026-08-03 22:27:43.176827","val",14,"","",0.8158502588610116,0.2976990968386617,0.6854066985645934,0.7893081761006289,0.8289545703338806,0.8105665623913799
4980,"2026-08-03 22:27:54.326674","train",15,1.325922966003418,0.0005223540493147602,"","","","","",""
5000,"2026-08-03 22:27:55.169724","train",15,1.7616301774978638,0.0005253914405426186,"","","","","",""
5020,"2026-08-03 22:27:56.005213","train",15,2.3022470474243164,0.0005284286158707533,"","","","","",""
5040,"2026-08-03 22:27:56.804640","train",15,0.2665206789970398,0.0005314654536757677,"","","","","",""
5060,"2026-08-03 22:27:57.580430","train",15,0.34062719345092773,0.0005345018323477805,"","","","","",""
5080,"2026-08-03 22:27:58.527187","train",15,0.42794403433799744,0.0005375376302952969,"","","","","",""
5100,"2026-08-03 22:27:59.370461","train",15,0.26650452613830566,0.0005405727259500768,"","","","","",""
5120,"2026-08-03 22:28:00.151426","train",15,4.481494903564453,0.0005436069977720037,"","","","","",""
5140,"2026-08-03 22:28:00.959680","train",15,0.3404702842235565,0.0005466403242539509,"","","","","",""
5160,"2026-08-03 22:28:01.782909","train",15,2.1964685916900635,0.0005496725839266485,"","","","","",""
5180,"2026-08-03 22:28:02.712962","train",15,0.948870062828064,0.0005527036553635459,"","","","","",""
5200,"2026-08-03 22:28:03.518738","train",15,0.4081219732761383,0.0005557334171856765,"","","","","",""
5220,"2026-08-03 22:28:04.310893","train",15,1.475449562072754,0.0005587617480665157,"","","","","",""
5240,"2026-08-03 22:28:05.154272","train",15,1.0485087633132935,0.0005617885267368421,"","","","","",""
5260,"2026-08-03 22:28:05.942637","train",15,4.227327346801758,0.0005648136319895916,"","","","","",""
5280,"2026-08-03 22:28:06.757912","train",15,1.1306805610656738,0.0005678369426847122,"","","","","",""
5296,"2026-08-03 22:28:23.157352","val",15,"","",0.8067259613257224,0.2589678085729399,0.6409090909090909,0.8679245283018868,0.8092501368363437,0.8018618428012271
5300,"2026-08-03 22:28:33.782334","train",16,0.4470248818397522,0.0005708583377540148,"","","","","",""
5320,"2026-08-03 22:28:34.603235","train",16,1.3367705345153809,0.0005738776962060214,"","","","","",""
5340,"2026-08-03 22:28:35.505332","train",16,0.2982020974159241,0.0005768948971308101,"","","","","",""
5360,"2026-08-03 22:28:36.363977","train",16,1.875577449798584,0.000579909819704857,"","","","","",""
5380,"2026-08-03 22:28:37.304744","train",16,0.49052751064300537,0.0005829223431958743,"","","","","",""
5400,"2026-08-03 22:28:38.192377","train",16,0.7057791948318481,0.0005859323469676456,"","","","","",""
5420,"2026-08-03 22:28:38.969090","train",16,2.7361629009246826,0.0005889397104848562,"","","","","",""
5440,"2026-08-03 22:28:39.775315","train",16,0.3404970169067383,0.0005919443133179205,"","","","","",""
5460,"2026-08-03 22:28:40.643020","train",16,0.4287147521972656,0.0005949460351478033,"","","","","",""
5480,"2026-08-03 22:28:41.475965","train",16,0.6379860043525696,0.0005979447557708404,"","","","","",""
5500,"2026-08-03 22:28:42.364523","train",16,0.18465426564216614,0.0006009403551035491,"","","","","",""
5520,"2026-08-03 22:28:43.136411","train",16,5.0102338790893555,0.0006039327131874396,"","","","","",""
5540,"2026-08-03 22:28:44.002276","train",16,2.9255707263946533,0.0006069217101938168,"","","","","",""
5560,"2026-08-03 22:28:44.900077","train",16,0.6088320016860962,0.0006099072264285803,"","","","","",""
5580,"2026-08-03 22:28:45.771540","train",16,0.11686866730451584,0.0006128891423370162,"","","","","",""
5600,"2026-08-03 22:28:46.599131","train",16,0.9394899010658264,0.0006158673385085862,"","","","","",""
5620,"2026-08-03 22:28:47.407883","train",16,3.800616979598999,0.0006188416956817073,"","","","","",""
5627,"2026-08-03 22:29:03.459275","val",16,"","",0.8007079959290235,0.2770954090146877,0.620414673046252,0.7547169811320755,0.7788724685276409,0.8062595396775022
5640,"2026-08-03 22:29:14.595182","train",17,0.15594467520713806,0.0006218120947485303,"","","","","",""
5660,"2026-08-03 22:29:15.401744","train",17,0.5569000840187073,0.0006247784167597067,"","","","","",""
5680,"2026-08-03 22:29:16.205564","train",17,1.290967345237732,0.0006277405429291541,"","","","","",""
5700,"2026-08-03 22:29:16.963300","train",17,1.3259077072143555,0.0006306983546388118,"","","","","",""
5720,"2026-08-03 22:29:17.796216","train",17,0.15835578739643097,0.0006336517334433909,"","","","","",""
5740,"2026-08-03 22:29:18.631553","train",17,1.4128583669662476,0.000636600561075119,"","","","","",""
5760,"2026-08-03 22:29:19.437573","train",17,1.869386076927185,0.0006395447194484736,"","","","","",""
5780,"2026-08-03 22:29:20.238070","train",17,1.171773076057434,0.000642484090664913,"","","","","",""
5800,"2026-08-03 22:29:21.036702","train",17,1.1978857517242432,0.0006454185570175963,"","","","","",""
5820,"2026-08-03 22:29:21.822687","train",17,0.8902500867843628,0.0006483480009960979,"","","","","",""
5840,"2026-08-03 22:29:22.675254","train",17,0.24424803256988525,0.0006512723052911123,"","","","","",""
5860,"2026-08-03 22:29:23.616697","train",17,0.6015110015869141,0.0006541913527991525,"","","","","",""
5880,"2026-08-03 22:29:24.427994","train",17,0.28184589743614197,0.0006571050266272382,"","","","","",""
5900,"2026-08-03 22:29:25.238712","train",17,0.7066036462783813,0.0006600132100975791,"","","","","",""
5920,"2026-08-03 22:29:26.109607","train",17,2.660978317260742,0.0006629157867522439,"","","","","",""
5940,"2026-08-03 22:29:26.983024","train",17,3.435565233230591,0.0006658126403578273,"","","","","",""
5958,"2026-08-03 22:29:43.559489","val",17,"","",0.8137439709721669,0.2816118075579562,0.6635566188197767,0.7987421383647799,0.8018609742747673,0.8146922367804627
5960,"2026-08-03 22:29:54.182847","train",18,0.1934223175048828,0.0006687036549101022,"","","","","",""
5980,"2026-08-03 22:29:54.999073","train",18,0.29120713472366333,0.0006715887146386658,"","","","","",""
6000,"2026-08-03 22:29:55.799887","train",18,0.13834914565086365,0.0006744677040115756,"","","","","",""
6020,"2026-08-03 22:29:56.668356","train",18,1.1516034603118896,0.0006773405077399766,"","","","","",""
6040,"2026-08-03 22:29:57.486983","train",18,0.2630748152732849,0.0006802070107827165,"","","","","",""
6060,"2026-08-03 22:29:58.307069","train",18,0.28264185786247253,0.0006830670983509539,"","","","","",""
6080,"2026-08-03 22:29:59.154907","train",18,6.852757453918457,0.0006859206559127541,"","","","","",""
6100,"2026-08-03 22:29:59.925887","train",18,1.0834996700286865,0.0006887675691976763,"","","","","",""
6120,"2026-08-03 22:30:00.877398","train",18,0.24231866002082825,0.0006916077242013485,"","","","","",""
6140,"2026-08-03 22:30:01.743791","train",18,1.1764087677001953,0.0006944410071900343,"","","","","",""
6160,"2026-08-03 22:30:02.581209","train",18,0.3077772855758667,0.0006972673047051858,"","","","","",""
6180,"2026-08-03 22:30:03.385402","train",18,0.950660765171051,0.0007000865035679878,"","","","","",""
6200,"2026-08-03 22:30:04.212620","train",18,0.7950186729431152,0.0007028984908838902,"","","","","",""
6220,"2026-08-03 22:30:05.040229","train",18,1.0014171600341797,0.0007057031540471287,"","","","","",""
6240,"2026-08-03 22:30:05.818475","train",18,1.6687922477722168,0.0007085003807452334,"","","","","",""
6260,"2026-08-03 22:30:06.646643","train",18,2.8382890224456787,0.0007112900589635279,"","","","","",""
6280,"2026-08-03 22:30:07.482456","train",18,1.6079035997390747,0.0007140720769896128,"","","","","",""
6289,"2026-08-03 22:30:23.563130","val",18,"","",0.8133722731094297,0.27880994351470223,0.6653907496012759,0.8270440251572327,0.8136288998357963,0.8095540342446087
6300,"2026-08-03 22:30:34.491215","train",19,0.22453990578651428,0.0007168463234178414,"","","","","",""
6320,"2026-08-03 22:30:35.288135","train",19,0.867110550403595,0.0007196126871537791,"","","","","",""
6340,"2026-08-03 22:30:36.149039","train",19,0.8723955154418945,0.0007223710574186537,"","","","","",""
6360,"2026-08-03 22:30:36.967066","train",19,1.4742159843444824,0.0007251213237537901,"","","","","",""
6380,"2026-08-03 22:30:37.918114","train",19,0.33907341957092285,0.0007278633760250347,"","","","","",""
6400,"2026-08-03 22:30:38.660521","train",19,0.38207900524139404,0.0007305971044271652,"","","","","",""
6420,"2026-08-03 22:30:39.591085","train",19,4.2331461906433105,0.0007333223994882882,"","","","","",""
6440,"2026-08-03 22:30:40.352295","train",19,0.2623157799243927,0.0007360391520742219,"","","","","",""
6460,"2026-08-03 22:30:41.163380","train",19,2.2238082885742188,0.0007387472533928673,"","","","","",""
6480,"2026-08-03 22:30:42.013745","train",19,1.078473687171936,0.0007414465949985654,"","","","","",""
6500,"2026-08-03 22:30:42.856204","train",19,0.36933910846710205,0.0007441370687964378,"","","","","",""
6520,"2026-08-03 22:30:43.676268","train",19,3.1260361671447754,0.000746818567046718,"","","","","",""
6540,"2026-08-03 22:30:44.560347","train",19,4.030054092407227,0.0007494909823690632,"","","","","",""
6560,"2026-08-03 22:30:45.366788","train",19,1.5834444761276245,0.0007521542077468562,"","","","","",""
6580,"2026-08-03 22:30:46.191263","train",19,0.3951641321182251,0.0007548081365314899,"","","","","",""
6600,"2026-08-03 22:30:47.049088","train",19,0.7660714387893677,0.0007574526624466395,"","","","","",""
6620,"2026-08-03 22:30:47.805998","train",19,0.8284539580345154,0.0007600876795925153,"","","","","",""
6620,"2026-08-03 22:31:03.749228","val",19,"","",0.8085136510465065,0.29590230108029575,0.6499202551834131,0.7767295597484276,0.8147235905856596,0.807423191428269
6640,"2026-08-03 22:31:15.005723","train",20,1.4473234415054321,0.0007627130824501072,"","","","","",""
6660,"2026-08-03 22:31:15.823550","train",20,0.8114832639694214,0.0007653287658854071,"","","","","",""
6680,"2026-08-03 22:31:16.673645","train",20,0.37328100204467773,0.0007679346251536212,"","","","","",""
6700,"2026-08-03 22:31:17.609789","train",20,0.4275062680244446,0.0007705305559033626,"","","","","",""
6720,"2026-08-03 22:31:18.499116","train",20,0.36786121129989624,0.0007731164541808317,"","","","","",""
6740,"2026-08-03 22:31:19.383973","train",20,1.2672786712646484,0.0007756922164339781,"","","","","",""
6760,"2026-08-03 22:31:20.242824","train",20,0.5178923606872559,0.0007782577395166472,"","","","","",""
6780,"2026-08-03 22:31:21.023932","train",20,3.447936534881592,0.0007808129206927114,"","","","","",""
6800,"2026-08-03 22:31:21.821389","train",20,0.6633219718933105,0.0007833576576401837,"","","","","",""
6820,"2026-08-03 22:31:22.668717","train",20,0.18795515596866608,0.0007858918484553148,"","","","","",""
6840,"2026-08-03 22:31:23.459978","train",20,1.200920581817627,0.0007884153916566754,"","","","","",""
6860,"2026-08-03 22:31:24.290649","train",20,0.696831464767456,0.0007909281861892175,"","","","","",""
6880,"2026-08-03 22:31:25.094102","train",20,0.08542384207248688,0.0007934301314283233,"","","","","",""
6900,"2026-08-03 22:31:25.904197","train",20,0.749739408493042,0.0007959211271838338,"","","","","",""
6920,"2026-08-03 22:31:26.761847","train",20,1.1126607656478882,0.0007984010737040611,"","","","","",""
6940,"2026-08-03 22:31:27.564860","train",20,1.4146702289581299,0.0008008698716797827,"","","","","",""
6951,"2026-08-03 22:31:43.696124","val",20,"","",0.8058852161600071,0.28844667418792547,0.6424242424242425,0.8018867924528302,0.8530377668308702,0.7958773480829971
6960,"2026-08-03 22:31:54.539850","train",21,1.9571502208709717,0.0008033274222482185,"","","","","",""
6980,"2026-08-03 22:31:55.350925","train",21,0.3207392692565918,0.0008057736269969898,"","","","","",""
7000,"2026-08-03 22:31:56.245386","train",21,0.06857351213693619,0.0008082083879680604,"","","","","",""
7020,"2026-08-03 22:31:57.048564","train",21,0.37522196769714355,0.0008106316076616586,"","","","","",""
7040,"2026-08-03 22:31:57.842454","train",21,2.1151537895202637,0.0008130431890401827,"","","","","",""
7060,"2026-08-03 22:31:58.667358","train",21,2.7624008655548096,0.0008154430355320854,"","","","","",""
7080,"2026-08-03 22:31:59.467277","train",21,1.1657092571258545,0.0008178310510357429,"","","","","",""
7100,"2026-08-03 22:32:00.261688","train",21,1.0624120235443115,0.000820207139923301,"","","","","",""
7120,"2026-08-03 22:32:01.095155","train",21,0.8368654847145081,0.0008225712070445067,"","","","","",""
7140,"2026-08-03 22:32:01.891502","train",21,0.1292627602815628,0.000824923157730517,"","","","","",""
7160,"2026-08-03 22:32:02.828779","train",21,1.9057968854904175,0.0008272628977976903,"","","","","",""
7180,"2026-08-03 22:32:03.623954","train",21,2.2036736011505127,0.0008295903335513584,"","","","","",""
7200,"2026-08-03 22:32:04.419489","train",21,1.2406322956085205,0.0008319053717895777,"","","","","",""
7220,"2026-08-03 22:32:05.202609","train",21,0.12176168709993362,0.0008342079198068626,"","","","","",""
7240,"2026-08-03 22:32:06.069939","train",21,3.242521047592163,0.0008364978853978967,"","","","","",""
7260,"2026-08-03 22:32:06.909819","train",21,1.1607953310012817,0.0008387751768612259,"","","","","",""
7280,"2026-08-03 22:32:07.656316","train",21,0.8318275809288025,0.0008410397030029301,"","","","","",""
7282,"2026-08-03 22:32:23.567709","val",21,"","",0.8129828753484667,0.2987182704318685,0.6633971291866029,0.7735849056603773,0.8199233716475096,0.8118813377461425
7300,"2026-08-03 22:32:34.871379","train",22,0.7167632579803467,0.0008432913731402755,"","","","","",""
7320,"2026-08-03 22:32:35.675660","train",22,0.32261860370635986,0.0008455300971053456,"","","","","",""
7340,"2026-08-03 22:32:36.521941","train",22,0.5650346875190735,0.0008477557852486526,"","","","","",""
7360,"2026-08-03 22:32:37.341541","train",22,1.772981882095337,0.0008499683484427263,"","","","","",""
7380,"2026-08-03 22:32:38.279346","train",22,1.087265133857727,0.000852167698085684,"","","","","",""
7400,"2026-08-03 22:32:39.057240","train",22,0.4943389892578125,0.0008543537461047787,"","","","","",""
7420,"2026-08-03 22:32:39.873335","train",22,1.0818662643432617,0.0008565264049599257,"","","","","",""
7440,"2026-08-03 22:32:40.703586","train",22,2.9343461990356445,0.0008586855876472072,"","","","","",""
7460,"2026-08-03 22:32:41.510509","train",22,0.17698514461517334,0.0008608312077023587,"","","","","",""
7480,"2026-08-03 22:32:42.387902","train",22,0.2908085584640503,0.0008629631792042288,"","","","","",""
7500,"2026-08-03 22:32:43.209412","train",22,0.5099814534187317,0.0008650814167782218,"","","","","",""
7520,"2026-08-03 22:32:44.047573","train",22,0.6267613172531128,0.0008671858355997154,"","","","","",""
7540,"2026-08-03 22:32:44.846374","train",22,2.529172658920288,0.0008692763513974584,"","","","","",""
7560,"2026-08-03 22:32:45.629808","train",22,0.7491593360900879,0.0008713528804569443,"","","","","",""
7580,"2026-08-03 22:32:46.505534","train",22,4.495805740356445,0.0008734153396237648,"","","","","",""
7600,"2026-08-03 22:32:47.305005","train",22,0.9736353754997253,0.0008754636463069386,"","","","","",""
7613,"2026-08-03 22:33:03.578831","val",22,"","",0.8146024160361077,0.31104335740161615,0.6719298245614035,0.7830188679245282,0.8196496989600438,0.8124102703601276
7620,"2026-08-03 22:33:14.303843","train",23,2.825407028198242,0.0008774977184822196,"","","","","",""
7640,"2026-08-03 22:33:15.178012","train",23,0.9547996520996094,0.0008795174746953809,"","","","","",""
7660,"2026-08-03 22:33:15.998788","train",23,1.3470659255981445,0.0008815228340654773,"","","","","",""
7680,"2026-08-03 22:33:16.928439","train",23,0.2066962569952011,0.0008835137162880836,"","","","","",""
7700,"2026-08-03 22:33:17.797994","train",23,0.3975386321544647,0.0008854900416385106,"","","","","",""
7720,"2026-08-03 22:33:18.584269","train",23,0.05638144165277481,0.0008874517309749978,"","","","","",""
7740,"2026-08-03 22:33:19.388193","train",23,2.610067367553711,0.0008893987057418823,"","","","","",""
7760,"2026-08-03 22:33:20.276560","train",23,0.34417688846588135,0.0008913308879727447,"","","","","",""
7780,"2026-08-03 22:33:21.115382","train",23,0.5342819690704346,0.0008932482002935317,"","","","","",""
7800,"2026-08-03 22:33:21.889839","train",23,2.053772211074829,0.0008951505659256537,"","","","","",""
7820,"2026-08-03 22:33:22.706591","train",23,0.6345832347869873,0.00089703790868906,"","","","","",""
7840,"2026-08-03 22:33:23.500603","train",23,1.0539944171905518,0.0008989101530052893,"","","","","",""
7860,"2026-08-03 22:33:24.375973","train",23,0.14915406703948975,0.0009007672239004957,"","","","","",""
7880,"2026-08-03 22:33:25.204628","train",23,0.32965055108070374,0.0009026090470084525,"","","","","",""
7900,"2026-08-03 22:33:26.031496","train",23,0.07269745320081711,0.0009044355485735282,"","","","","",""
7920,"2026-08-03 22:33:26.867303","train",23,0.15601810812950134,0.0009062466554536415,"","","","","",""
7940,"2026-08-03 22:33:27.765951","train",23,0.4000900089740753,0.0009080422951231897,"","","","","",""
7944,"2026-08-03 22:33:43.784351","val",23,"","",0.8041506261338996,0.29853102401283316,0.6389952153110048,0.7452830188679245,0.794471811713191,0.8091611128742198
7960,"2026-08-03 22:33:54.935297","train",24,0.5573005676269531,0.0009098223956759534,"","","","","",""
7980,"2026-08-03 22:33:55.752221","train",24,0.24505531787872314,0.0009115868858279749,"","","","","",""
8000,"2026-08-03 22:33:56.590191","train",24,0.6403753757476807,0.0009133356949204143,"","","","","",""
8020,"2026-08-03 22:33:57.476346","train",24,1.060435175895691,0.0009150687529223777,"","","","","",""
8040,"2026-08-03 22:33:58.328100","train",24,1.5661755800247192,0.0009167859904337225,"","","","","",""
8060,"2026-08-03 22:33:59.257839","train",24,0.27062007784843445,0.0009184873386878355,"","","","","",""
8080,"2026-08-03 22:34:00.080522","train",24,0.466149240732193,0.0009201727295543884,"","","","","",""
8100,"2026-08-03 22:34:01.023950","train",24,1.5979732275009155,0.0009218420955420638,"","","","","",""
8120,"2026-08-03 22:34:01.850991","train",24,0.7143776416778564,0.0009234953698012599,"","","","","",""
8140,"2026-08-03 22:34:02.644794","train",24,1.0672016143798828,0.0009251324861267662,"","","","","",""
8160,"2026-08-03 22:34:03.547555","train",24,0.2973633408546448,0.0009267533789604151,"","","","","",""
8180,"2026-08-03 22:34:04.410062","train",24,0.3483917713165283,0.0009283579833937074,"","","","","",""
8200,"2026-08-03 22:34:05.200145","train",24,3.1320910453796387,0.0009299462351704114,"","","","","",""
8220,"2026-08-03 22:34:06.033341","train",24,1.3095653057098389,0.0009315180706891356,"","","","","",""
8240,"2026-08-03 22:34:06.847587","train",24,2.3086798191070557,0.0009330734270058764,"","","","","",""
8260,"2026-08-03 22:34:07.653954","train",24,2.1868317127227783,0.0009346122418365379,"","","","","",""
8275,"2026-08-03 22:34:24.001479","val",24,"","",0.8011150935882119,0.30357723537724784,0.6534290271132377,0.7484276729559749,0.8522167487684729,0.7958168986413987
8280,"2026-08-03 22:34:34.751898","train",25,0.753783643245697,0.0009361344535594268,"","","","","",""
8300,"2026-08-03 22:34:35.585375","train",25,3.5658586025238037,0.0009376400012177194,"","","","","",""
8320,"2026-08-03 22:34:36.454902","train",25,0.1718146800994873,0.000939128824521903,"","","","","",""
8340,"2026-08-03 22:34:37.292314","train",25,0.45775914192199707,0.0009406008638521901,"","","","","",""
8360,"2026-08-03 22:34:38.136134","train",25,1.0987401008605957,0.0009420560602609058,"","","","","",""
8380,"2026-08-03 22:34:38.971486","train",25,0.5902440547943115,0.0009434943554748481,"","","","","",""
8400,"2026-08-03 22:34:39.796889","train",25,0.5659176707267761,0.0009449156918976226,"","","","","",""
8420,"2026-08-03 22:34:40.624908","train",25,0.4289448857307434,0.0009463200126119469,"","","","","",""
8440,"2026-08-03 22:34:41.435339","train",25,0.9996554255485535,0.000947707261381932,"","","","","",""
8460,"2026-08-03 22:34:42.261757","train",25,0.6872167587280273,0.0009490773826553327,"","","","","",""
8480,"2026-08-03 22:34:43.075952","train",25,0.6286500096321106,0.0009504303215657731,"","","","","",""
8500,"2026-08-03 22:34:43.938336","train",25,3.002868413925171,0.000951766023934943,"","","","","",""
8520,"2026-08-03 22:34:44.759940","train",25,1.8470033407211304,0.0009530844362747686,"","","","","",""
8540,"2026-08-03 22:34:45.573302","train",25,0.6232353448867798,0.0009543855057895528,"","","","","",""
8560,"2026-08-03 22:34:46.429097","train",25,1.049534559249878,0.000955669180378091,"","","","","",""
8580,"2026-08-03 22:34:47.230552","train",25,3.8914525508880615,0.0009569354086357561,"","","","","",""
8600,"2026-08-03 22:34:48.028896","train",25,3.0296764373779297,0.0009581841398565582,"","","","","",""
8606,"2026-08-03 22:35:04.027586","val",25,"","",0.8190627903889554,0.31652132504002195,0.6768740031897926,0.8018867924528302,0.825944170771757,0.8141481918060782
8620,"2026-08-03 22:35:15.103752","train",26,0.6620607972145081,0.0009594153240351745,"","","","","",""
8640,"2026-08-03 22:35:15.958270","train",26,0.2777150273323059,0.0009606289118689515,"","","","","",""
8660,"2026-08-03 22:35:16.787646","train",26,0.9601280093193054,0.0009618248547598799,"","","","","",""
8680,"2026-08-03 22:35:17.688238","train",26,1.517704963684082,0.0009630031048165405,"","","","","",""
8700,"2026-08-03 22:35:18.536696","train",26,0.37978801131248474,0.0009641636148560219,"","","","","",""
8720,"2026-08-03 22:35:19.324868","train",26,1.7904078960418701,0.00096530633840581,"","","","","",""
8740,"2026-08-03 22:35:20.123628","train",26,1.4470038414001465,0.0009664312297056489,"","","","","",""
8760,"2026-08-03 22:35:20.917525","train",26,1.3105376958847046,0.0009675382437093735,"","","","","",""
8780,"2026-08-03 22:35:21.720340","train",26,3.5119807720184326,0.0009686273360867137,"","","","","",""
8800,"2026-08-03 22:35:22.503962","train",26,0.8170003890991211,0.0009696984632250685,"","","","","",""
8820,"2026-08-03 22:35:23.318660","train",26,0.6375733613967896,0.0009707515822312537,"","","","","",""
8840,"2026-08-03 22:35:24.216227","train",26,0.585389256477356,0.000971786650933219,"","","","","",""
8860,"2026-08-03 22:35:25.059364","train",26,0.46483147144317627,0.0009728036278817365,"","","","","",""
8880,"2026-08-03 22:35:25.900787","train",26,1.7344512939453125,0.0009738024723520612,"","","","","",""
8900,"2026-08-03 22:35:26.730373","train",26,0.42807382345199585,0.0009747831443455613,"","","","","",""
8920,"2026-08-03 22:35:27.515197","train",26,0.5960716009140015,0.0009757456045913201,"","","","","",""
8937,"2026-08-03 22:35:43.819349","val",26,"","",0.8328687110049117,0.3145843399009187,0.7395534290271132,0.770440251572327,0.8623426382047071,0.8288525184748606
8940,"2026-08-03 22:35:54.509813","train",27,0.7280941009521484,0.0009766898145477088,"","","","","",""
8960,"2026-08-03 22:35:55.392208","train",27,0.1192406713962555,0.0009776157364039294,"","","","","",""
8980,"2026-08-03 22:35:56.230457","train",27,3.086148262023926,0.0009785233330815294,"","","","","",""
9000,"2026-08-03 22:35:57.003970","train",27,0.8379026055335999,0.000979412568235886,"","","","","",""
9020,"2026-08-03 22:35:57.784601","train",27,0.8026561141014099,0.000980283406257662,"","","","","",""
9040,"2026-08-03 22:35:58.599515","train",27,1.6939120292663574,0.0009811358122742322,"","","","","",""
9060,"2026-08-03 22:35:59.486756","train",27,1.7205805778503418,0.0009819697521510783,"","","","","",""
9080,"2026-08-03 22:36:00.326136","train",27,1.2238025665283203,0.0009827851924931572,"","","","","",""
9100,"2026-08-03 22:36:01.132054","train",27,1.9567644596099854,0.0009835821006462383,"","","","","",""
9120,"2026-08-03 22:36:01.881062","train",27,1.1715632677078247,0.0009843604446982104,"","","","","",""
9140,"2026-08-03 22:36:02.667809","train",27,0.5452895164489746,0.00098512019348036,"","","","","",""
9160,"2026-08-03 22:36:03.505803","train",27,2.6023576259613037,0.0009858613165686192,"","","","","",""
9180,"2026-08-03 22:36:04.403401","train",27,1.012590765953064,0.0009865837842847848,"","","","","",""
9200,"2026-08-03 22:36:05.319669","train",27,2.003939628601074,0.0009872875676977054,"","","","","",""
9220,"2026-08-03 22:36:06.128669","train",27,0.2942831218242645,0.0009879726386244417,"","","","","",""
9240,"2026-08-03 22:36:06.920460","train",27,0.46922895312309265,0.0009886389696313932,"","","","","",""
9260,"2026-08-03 22:36:07.686343","train",27,1.3438690900802612,0.0009892865340353984,"","","","","",""
9268,"2026-08-03 22:36:23.813983","val",27,"","",0.8073808575600692,0.3259305944337746,0.6649122807017543,0.7641509433962265,0.8007662835249042,0.8096749331278054
9280,"2026-08-03 22:36:34.849814","train",28,3.074209213256836,0.0009899153059048022,"","","","","",""
9300,"2026-08-03 22:36:35.645624","train",28,1.626647710800171,0.000990525260060495,"","","","","",""
9320,"2026-08-03 22:36:36.447631","train",28,1.5957238674163818,0.0009911163720769207,"","","","","",""
9340,"2026-08-03 22:36:37.298634","train",28,1.6702771186828613,0.0009916886182830546,"","","","","",""
9360,"2026-08-03 22:36:38.168539","train",28,3.338743209838867,0.0009922419757633523,"","","","","",""
9380,"2026-08-03 22:36:38.985797","train",28,0.7951294779777527,0.0009927764223586657,"","","","","",""
9400,"2026-08-03 22:36:39.784021","train",28,0.27604421973228455,0.000993291936667132,"","","","","",""
9420,"2026-08-03 22:36:40.585560","train",28,0.14248070120811462,0.0009937884980450297,"","","","","",""
9440,"2026-08-03 22:36:41.378942","train",28,0.6471050381660461,0.0009942660866076058,"","","","","",""
9460,"2026-08-03 22:36:42.155588","train",28,1.9814667701721191,0.0009947246832298715,"","","","","",""
9480,"2026-08-03 22:36:43.031356","train",28,0.506524384021759,0.000995164269547369,"","","","","",""
9500,"2026-08-03 22:36:43.973844","train",28,0.6188299655914307,0.0009955848279569056,"","","","","",""
9520,"2026-08-03 22:36:44.764730","train",28,0.3871244788169861,0.0009959863416172602,"","","","","",""
9540,"2026-08-03 22:36:45.669117","train",28,0.7380374670028687,0.0009963687944498565,"","","","","",""
9560,"2026-08-03 22:36:46.500212","train",28,1.5536391735076904,0.0009967321711394069,"","","","","",""
9580,"2026-08-03 22:36:47.332694","train",28,1.1692746877670288,0.0009970764571345266,"","","","","",""
9599,"2026-08-03 22:37:03.815373","val",28,"","",0.8270808442851454,0.31150705778224774,0.7072567783094099,0.8081761006289309,0.8388067870826491,0.8217345967266626
9600,"2026-08-03 22:37:14.337767","train",29,1.2028539180755615,0.0009974016386483156,"","","","","",""
9620,"2026-08-03 22:37:15.165538","train",29,0.38584423065185547,0.0009977077026589113,"","","","","",""
9640,"2026-08-03 22:37:15.932245","train",29,0.5862417221069336,0.0009979946369100096,"","","","","",""
9660,"2026-08-03 22:37:16.803091","train",29,0.357399046421051,0.0009982624299113554,"","","","","",""
9680,"2026-08-03 22:37:17.649587","train",29,0.6442989110946655,0.0009985110709392038,"","","","","",""
9700,"2026-08-03 22:37:18.456534","train",29,0.12962275743484497,0.000998740550036748,"","","","","",""
9720,"2026-08-03 22:37:19.282650","train",29,0.02493007481098175,0.0009989508580145199,"","","","","",""
9740,"2026-08-03 22:37:20.095247","train",29,0.9553318619728088,0.0009991419864507562,"","","","","",""
9760,"2026-08-03 22:37:20.901305","train",29,1.9274433851242065,0.000999313927691737,"","","","","",""
9780,"2026-08-03 22:37:21.721539","train",29,0.8336089849472046,0.0009994666748520916,"","","","","",""
9800,"2026-08-03 22:37:22.625241","train",29,1.130650520324707,0.0009996002218150746,"","","","","",""
9820,"2026-08-03 22:37:23.504736","train",29,0.6306174397468567,0.0009997145632328103,"","","","","",""
9840,"2026-08-03 22:37:24.292957","train",29,2.115633010864258,0.0009998096945265079,"","","","","",""
9860,"2026-08-03 22:37:25.096939","train",29,2.6847915649414062,0.0009998856118866436,"","","","","",""
9880,"2026-08-03 22:37:25.891736","train",29,1.186704397201538,0.000999942312273114,"","","","","",""
9900,"2026-08-03 22:37:26.695815","train",29,0.48393112421035767,0.0009999797934153573,"","","","","",""
9920,"2026-08-03 22:37:27.541621","train",29,1.1283878087997437,0.000999998053812445,"","","","","",""
9930,"2026-08-03 22:37:43.831823","val",29,"","",0.8144873666976414,0.30648074926297525,0.6719298245614035,0.789308176100629,0.8719211822660098,0.8053074609723292
9940,"2026-08-03 22:37:54.760222","train",30,2.4111883640289307,0.0009999994438765105,"","","","","",""
9960,"2026-08-03 22:37:55.563823","train",30,0.3044622540473938,0.0009999955831902017,"","","","","",""
9980,"2026-08-03 22:37:56.372172","train",30,0.4857023060321808,0.0009999880456884277,"","","","","",""
10000,"2026-08-03 22:37:57.328885","train",30,0.9485726356506348,0.0009999768314266173,"","","","","",""
10020,"2026-08-03 22:37:58.119070","train",30,0.9225972890853882,0.0009999619404872366,"","","","","",""
10040,"2026-08-03 22:37:58.987946","train",30,0.8212758302688599,0.00099994337297979,"","","","","",""
10060,"2026-08-03 22:37:59.823092","train",30,0.6163849830627441,0.0009999211290408175,"","","","","",""
10080,"2026-08-03 22:38:00.722672","train",30,2.024472713470459,0.000999895208833895,"","","","","",""
10100,"2026-08-03 22:38:01.528800","train",30,2.390841484069824,0.000999865612549633,"","","","","",""
10120,"2026-08-03 22:38:02.346471","train",30,2.03751277923584,0.000999832340405674,"","","","","",""
10140,"2026-08-03 22:38:03.187062","train",30,0.4764052629470825,0.000999795392646692,"","","","","",""
10160,"2026-08-03 22:38:03.959338","train",30,1.648078441619873,0.0009997547695443914,"","","","","",""
10180,"2026-08-03 22:38:04.764207","train",30,2.9690661430358887,0.0009997104713975026,"","","","","",""
10200,"2026-08-03 22:38:05.653122","train",30,1.1889755725860596,0.0009996624985317824,"","","","","",""
10220,"2026-08-03 22:38:06.431130","train",30,0.49456000328063965,0.0009996108513000098,"","","","","",""
10240,"2026-08-03 22:38:07.339136","train",30,0.8209013342857361,0.0009995555300819849,"","","","","",""
10260,"2026-08-03 22:38:08.195012","train",30,2.1468915939331055,0.0009994965352845243,"","","","","",""
10261,"2026-08-03 22:38:23.981571","val",30,"","",0.816558254790035,0.27822302343306443,0.6633971291866029,0.8050314465408805,0.8330596606458677,0.8117151017817473
10280,"2026-08-03 22:38:35.313630","train",31,1.0084682703018188,0.0009994338673414596,"","","","","",""
10300,"2026-08-03 22:38:36.107283","train",31,0.42862778902053833,0.0009993675267136336,"","","","","",""
10320,"2026-08-03 22:38:36.978107","train",31,0.2802331745624542,0.000999297513888897,"","","","","",""
10340,"2026-08-03 22:38:37.827159","train",31,0.5023176074028015,0.0009992238293821051,"","","","","",""
10360,"2026-08-03 22:38:38.656450","train",31,0.4564421772956848,0.0009991464737351137,"","","","","",""
10380,"2026-08-03 22:38:39.619068","train",31,0.28927081823349,0.0009990654475167742,"","","","","",""
10400,"2026-08-03 22:38:40.518719","train",31,0.7373111248016357,0.0009989807513229318,"","","","","",""
10420,"2026-08-03 22:38:41.341067","train",31,0.4376124143600464,0.0009988923857764192,"","","","","",""
10440,"2026-08-03 22:38:42.124133","train",31,0.2984321415424347,0.0009988003515270518,"","","","","",""
10460,"2026-08-03 22:38:42.943881","train",31,0.3530723452568054,0.0009987046492516245,"","","","","",""
10480,"2026-08-03 22:38:43.792573","train",31,2.032867431640625,0.0009986052796539056,"","","","","",""
10500,"2026-08-03 22:38:44.629177","train",31,1.306453824043274,0.0009985022434646313,"","","","","",""
10520,"2026-08-03 22:38:45.417493","train",31,1.5156877040863037,0.0009983955414415023,"","","","","",""
10540,"2026-08-03 22:38:46.274894","train",31,0.1868126094341278,0.0009982851743691751,"","","","","",""
10560,"2026-08-03 22:38:47.063800","train",31,0.3611146807670593,0.0009981711430592597,"","","","","",""
10580,"2026-08-03 22:38:47.871026","train",31,0.647360622882843,0.0009980534483503103,"","","","","",""
10592,"2026-08-03 22:39:04.303517","val",31,"","",0.8396477720253109,0.3277338199859817,0.7299043062200957,0.8553459119496856,0.861247947454844,0.8315878557071829
10600,"2026-08-03 22:39:15.012932","train",32,0.8786465525627136,0.0009979320911078216,"","","","","",""
10620,"2026-08-03 22:39:15.915653","train",32,0.39580172300338745,0.000997807072224222,"","","","","",""
10640,"2026-08-03 22:39:16.765632","train",32,2.695072650909424,0.000997678392618865,"","","","","",""
10660,"2026-08-03 22:39:17.666820","train",32,0.6466993093490601,0.000997546053238026,"","","","","",""
10680,"2026-08-03 22:39:18.528418","train",32,1.9992401599884033,0.000997410055054892,"","","","","",""
10700,"2026-08-03 22:39:19.347367","train",32,1.286919116973877,0.0009972703990695565,"","","","","",""
10720,"2026-08-03 22:39:20.256976","train",32,0.5378891825675964,0.000997127086309011,"","","","","",""
10740,"2026-08-03 22:39:21.039790","train",32,0.5361244678497314,0.0009969801178271384,"","","","","",""
10760,"2026-08-03 22:39:21.833252","train",32,2.377755880355835,0.0009968294947047046,"","","","","",""
10780,"2026-08-03 22:39:22.800431","train",32,0.5109056830406189,0.0009966752180493503,"","","","","",""
10800,"2026-08-03 22:39:23.642914","train",32,1.875162124633789,0.0009965172889955837,"","","","","",""
10820,"2026-08-03 22:39:24.479514","train",32,0.5985714793205261,0.0009963557087047722,"","","","","",""
10840,"2026-08-03 22:39:25.396299","train",32,0.5422391295433044,0.0009961904783651323,"","","","","",""
10860,"2026-08-03 22:39:26.262985","train",32,2.9340009689331055,0.000996021599191723,"","","","","",""
10880,"2026-08-03 22:39:27.072788","train",32,0.7728255391120911,0.000995849072426435,"","","","","",""
10900,"2026-08-03 22:39:27.830869","train",32,3.137258768081665,0.0009956728993379827,"","","","","",""
10920,"2026-08-03 22:39:28.610193","train",32,0.3457508981227875,0.000995493081221895,"","","","","",""
10923,"2026-08-03 22:39:44.466544","val",32,"","",0.8279746891455374,0.3107309252085155,0.7141148325358851,0.820754716981132,0.867816091954023,0.8189992594943404
10940,"2026-08-03 22:39:55.707597","train",33,0.4865174889564514,0.0009953096194005046,"","","","","",""
10960,"2026-08-03 22:39:56.594721","train",33,1.4841265678405762,0.0009951225152229392,"","","","","",""
10980,"2026-08-03 22:39:57.423316","train",33,1.8839622735977173,0.0009949317700651118,"","","","","",""
11000,"2026-08-03 22:39:58.218051","train",33,1.4637874364852905,0.0009947373853297099,"","","","","",""
11020,"2026-08-03 22:39:59.038899","train",33,1.5685360431671143,0.0009945393624461855,"","","","","",""
11040,"2026-08-03 22:39:59.951389","train",33,2.0641841888427734,0.0009943377028707441,"","","","","",""
11060,"2026-08-03 22:40:00.902991","train",33,0.2752063274383545,0.0009941324080863353,"","","","","",""
11080,"2026-08-03 22:40:01.717285","train",33,0.7959339618682861,0.0009939234796026402,"","","","","",""
11100,"2026-08-03 22:40:02.572301","train",33,2.928645372390747,0.0009937109189560617,"","","","","",""
11120,"2026-08-03 22:40:03.382105","train",33,1.6506696939468384,0.0009934947277097125,"","","","","",""
11140,"2026-08-03 22:40:04.143728","train",33,1.234917402267456,0.0009932749074534032,"","","","","",""
11160,"2026-08-03 22:40:04.938916","train",33,0.7463205456733704,0.000993051459803632,"","","","","",""
11180,"2026-08-03 22:40:05.740910","train",33,0.29326331615448,0.0009928243864035713,"","","","","",""
11200,"2026-08-03 22:40:06.599371","train",33,1.2076622247695923,0.0009925936889230564,"","","","","",""
11220,"2026-08-03 22:40:07.435276","train",33,0.7395732402801514,0.0009923593690585738,"","","","","",""
11240,"2026-08-03 22:40:08.235879","train",33,1.448647141456604,0.0009921214285332468,"","","","","",""
11254,"2026-08-03 22:40:24.454331","val",33,"","",0.7963095712199655,0.2680603826060274,0.6701754385964912,0.839622641509434,0.8538587848932676,0.787852684710825
11260,"2026-08-03 22:40:35.156690","train",34,1.4352160692214966,0.0009918798690968247,"","","","","",""
11280,"2026-08-03 22:40:35.957642","train",34,0.4593122601509094,0.0009916346925256698,"","","","","",""
11300,"2026-08-03 22:40:36.785405","train",34,0.9506323933601379,0.0009913859006227426,"","","","","",""
11320,"2026-08-03 22:40:37.602334","train",34,0.4264012277126312,0.0009911334952175906,"","","","","",""
11340,"2026-08-03 22:40:38.412113","train",34,0.3010433614253998,0.000990877478166334,"","","","","",""
11360,"2026-08-03 22:40:39.285112","train",34,0.5981940627098083,0.0009906178513516518,"","","","","",""
11380,"2026-08-03 22:40:40.100282","train",34,0.3429286479949951,0.0009903546166827681,"","","","","",""
11400,"2026-08-03 22:40:40.996964","train",34,0.8603647947311401,0.0009900877760954387,"","","","","",""
11420,"2026-08-03 22:40:41.848285","train",34,2.271437168121338,0.0009898173315519357,"","","","","",""
11440,"2026-08-03 22:40:42.609518","train",34,2.3039729595184326,0.000989543285041034,"","","","","",""
11460,"2026-08-03 22:40:43.604621","train",34,0.5991196632385254,0.0009892656385779965,"","","","","",""
11480,"2026-08-03 22:40:44.391108","train",34,0.460574746131897,0.0009889843942045588,"","","","","",""
11500,"2026-08-03 22:40:45.204533","train",34,0.43467897176742554,0.000988699553988915,"","","","","",""
11520,"2026-08-03 22:40:46.022785","train",34,0.7761948108673096,0.0009884111200257016,"","","","","",""
11540,"2026-08-03 22:40:46.833879","train",34,1.0379843711853027,0.0009881190944359829,"","","","","",""
11560,"2026-08-03 22:40:47.618501","train",34,1.9570577144622803,0.0009878234793672348,"","","","","",""
11580,"2026-08-03 22:40:48.499438","train",34,0.4433581233024597,0.0009875242769933294,"","","","","",""
11585,"2026-08-03 22:41:04.291929","val",34,"","",0.7789105712642153,0.29187330273340556,0.6115629984051036,0.6823899371069182,0.7419266557197591,0.7913134152423268
11600,"2026-08-03 22:41:15.473199","train",35,0.6013351082801819,0.0009872214895145187,"","","","","",""
11620,"2026-08-03 22:41:16.345326","train",35,3.534726858139038,0.0009869151191574184,"","","","","",""
11640,"2026-08-03 22:41:17.230663","train",35,2.1856257915496826,0.0009866051681749924,"","","","","",""
11660,"2026-08-03 22:41:18.069927","train",35,0.386025607585907,0.0009862916388465345,"","","","","",""
11680,"2026-08-03 22:41:18.885976","train",35,1.5938093662261963,0.000985974533477654,"","","","","",""
11700,"2026-08-03 22:41:19.692497","train",35,1.1472047567367554,0.0009856538544002562,"","","","","",""
11720,"2026-08-03 22:41:20.480104","train",35,0.272708922624588,0.000985329603972527,"","","","","",""
11740,"2026-08-03 22:41:21.278150","train",35,1.6698721647262573,0.000985001784578915,"","","","","",""
11760,"2026-08-03 22:41:22.166436","train",35,0.5669650435447693,0.000984670398630114,"","","","","",""
11780,"2026-08-03 22:41:23.014673","train",35,1.4667508602142334,0.000984335448563045,"","","","","",""
11800,"2026-08-03 22:41:23.814643","train",35,0.47730162739753723,0.0009839969368408393,"","","","","",""
11820,"2026-08-03 22:41:24.612353","train",35,2.0584142208099365,0.0009836548659528188,"","","","","",""
11840,"2026-08-03 22:41:25.407207","train",35,0.02514132857322693,0.0009833092384144788,"","","","","",""
11860,"2026-08-03 22:41:26.276008","train",35,2.1345081329345703,0.0009829600567674694,"","","","","",""
11880,"2026-08-03 22:41:27.095839","train",35,0.68303382396698,0.0009826073235795765,"","","","","",""
11900,"2026-08-03 22:41:27.914518","train",35,0.9518638253211975,0.0009822510414447029,"","","","","",""
11916,"2026-08-03 22:41:44.288425","val",35,"","",0.8120270808442852,0.3169101195355853,0.683572567783094,0.7515723270440251,0.8226600985221675,0.8123649332789289
11920,"2026-08-03 22:41:54.919485","train",36,0.22351574897766113,0.0009818912129828496,"","","","","",""
11940,"2026-08-03 22:41:55.742502","train",36,1.8145594596862793,0.0009815278408400966,"","","","","",""
11960,"2026-08-03 22:41:56.617710","train",36,0.8752973079681396,0.0009811609276885824,"","","","","",""
11980,"2026-08-03 22:41:57.446939","train",36,2.0651440620422363,0.0009807904762264856,"","","","","",""
12000,"2026-08-03 22:41:58.294883","train",36,1.309667944908142,0.0009804164891780048,"","","","","",""
12020,"2026-08-03 22:41:59.139224","train",36,0.25908830761909485,0.0009800389692933376,"","","","","",""
12040,"2026-08-03 22:41:59.927081","train",36,2.178631544113159,0.000979657919348662,"","","","","",""
12060,"2026-08-03 22:42:00.754223","train",36,1.8521320819854736,0.000979273342146114,"","","","","",""
12080,"2026-08-03 22:42:01.548622","train",36,1.628622055053711,0.0009788852405137694,"","","","","",""
12100,"2026-08-03 22:42:02.371432","train",36,0.8350913524627686,0.0009784936173056205,"","","","","",""
12120,"2026-08-03 22:42:03.129892","train",36,1.2589571475982666,0.0009780984754015568,"","","","","",""
12140,"2026-08-03 22:42:03.987342","train",36,2.1757538318634033,0.0009776998177073437,"","","","","",""
12160,"2026-08-03 22:42:04.794042","train",36,0.7859405279159546,0.0009772976471546001,"","","","","",""
12180,"2026-08-03 22:42:05.697724","train",36,1.1837269067764282,0.0009768919667007777,"","","","","",""
12200,"2026-08-03 22:42:06.560288","train",36,1.2010176181793213,0.0009764827793291393,"","","","","",""
12220,"2026-08-03 22:42:07.445828","train",36,6.596724510192871,0.0009760700880487366,"","","","","",""
12240,"2026-08-03 22:42:08.222632","train",36,0.5383579730987549,0.0009756538958943874,"","","","","",""
12247,"2026-08-03 22:42:24.393329","val",36,"","",0.8208504801097393,0.31105703604821666,0.69896331738437,0.7641509433962265,0.8174603174603174,0.8246059452025812
12260,"2026-08-03 22:42:35.401313","train",37,0.31552258133888245,0.0009752342059266548,"","","","","",""
12280,"2026-08-03 22:42:36.220136","train",37,1.4647455215454102,0.0009748110212318236,"","","","","",""
12300,"2026-08-03 22:42:37.193707","train",37,0.8739528656005859,0.0009743843449218776,"","","","","",""
12320,"2026-08-03 22:42:37.978145","train",37,0.34853458404541016,0.0009739541801344773,"","","","","",""
12340,"2026-08-03 22:42:38.768186","train",37,1.2984119653701782,0.0009735205300329363,"","","","","",""
12360,"2026-08-03 22:42:39.628277","train",37,1.4653942584991455,0.0009730833978061985,"","","","","",""
12380,"2026-08-03 22:42:40.417346","train",37,0.4244140386581421,0.000972642786668814,"","","","","",""
12400,"2026-08-03 22:42:41.311480","train",37,3.8564555644989014,0.0009721986998609161,"","","","","",""
12420,"2026-08-03 22:42:42.108359","train",37,0.4491364359855652,0.0009717511406481974,"","","","","",""
12440,"2026-08-03 22:42:42.950689","train",37,1.8574988842010498,0.0009713001123218853,"","","","","",""
12460,"2026-08-03 22:42:43.822220","train",37,1.407832384109497,0.000970845618198718,"","","","","",""
12480,"2026-08-03 22:42:44.643202","train",37,0.9179132580757141,0.0009703876616209208,"","","","","",""
12500,"2026-08-03 22:42:45.621654","train",37,2.652320384979248,0.0009699262459561803,"","","","","",""
12520,"2026-08-03 22:42:46.575028","train",37,0.1364273726940155,0.0009694613745976206,"","","","","",""
12540,"2026-08-03 22:42:47.537904","train",37,1.358689546585083,0.0009689930509637781,"","","","","",""
12560,"2026-08-03 22:42:48.514345","train",37,0.2927439212799072,0.000968521278498576,"","","","","",""
12578,"2026-08-03 22:43:04.965063","val",37,"","",0.8178326474622769,0.3000359800069303,0.6903508771929825,0.8490566037735849,0.8185550082101807,0.8164150458660138
12580,"2026-08-03 22:43:15.573707","train",38,1.5818212032318115,0.0009680460606712997,"","","","","",""
12600,"2026-08-03 22:43:16.432694","train",38,0.27401265501976013,0.0009675674009765701,"","","","","",""
12620,"2026-08-03 22:43:17.249238","train",38,0.8364299535751343,0.0009670853029343196,"","","","","",""
12640,"2026-08-03 22:43:18.083470","train",38,0.18488097190856934,0.0009665997700897644,"","","","","",""
12660,"2026-08-03 22:43:18.900604","train",38,0.3781047463417053,0.0009661108060133798,"","","","","",""
12680,"2026-08-03 22:43:19.696784","train",38,0.6040174961090088,0.0009656184143008733,"","","","","",""
12700,"2026-08-03 22:43:20.492175","train",38,0.11115611344575882,0.0009651225985731584,"","","","","",""
12720,"2026-08-03 22:43:21.308674","train",38,0.5132887363433838,0.0009646233624763276,"","","","","",""
12740,"2026-08-03 22:43:22.122908","train",38,0.9106565713882446,0.000964120709681626,"","","","","",""
12760,"2026-08-03 22:43:22.901884","train",38,2.9087347984313965,0.0009636146438854244,"","","","","",""
12780,"2026-08-03 22:43:23.689694","train",38,0.9916759729385376,0.0009631051688091915,"","","","","",""
12800,"2026-08-03 22:43:24.504756","train",38,1.7596871852874756,0.0009625922881994671,"","","","","",""
12820,"2026-08-03 22:43:25.339153","train",38,2.043616771697998,0.0009620760058278342,"","","","","",""
12840,"2026-08-03 22:43:26.126453","train",38,0.5457793474197388,0.0009615563254908915,"","","","","",""
12860,"2026-08-03 22:43:26.947664","train",38,0.31319916248321533,0.0009610332510102259,"","","","","",""
12880,"2026-08-03 22:43:27.719525","train",38,0.9819027185440063,0.0009605067862323829,"","","","","",""
12900,"2026-08-03 22:43:28.532974","train",38,0.08234530687332153,0.0009599769350288401,"","","","","",""
12909,"2026-08-03 22:43:44.746185","val",38,"","",0.8075224567458736,0.297821843454347,0.668341307814992,0.7830188679245282,0.7714833059660645,0.8136343715524927
12920,"2026-08-03 22:43:55.848303","train",39,1.8476569652557373,0.0009594437012959778,"","","","","",""
12940,"2026-08-03 22:43:56.733715","train",39,0.7312756776809692,0.0009589070889550502,"","","","","",""
12960,"2026-08-03 22:43:57.588493","train",39,2.83668851852417,0.000958367101952157,"","","","","",""
12980,"2026-08-03 22:43:58.415540","train",39,1.2926561832427979,0.0009578237442582146,"","","","","",""
13000,"2026-08-03 22:43:59.238078","train",39,2.638345241546631,0.000957277019868926,"","","","","",""
13020,"2026-08-03 22:43:59.988495","train",39,0.8658263683319092,0.0009567269328047523,"","","","","",""
13040,"2026-08-03 22:44:00.796288","train",39,0.8914572596549988,0.0009561734871108825,"","","","","",""
13060,"2026-08-03 22:44:01.574013","train",39,1.9425320625305176,0.0009556166868572042,"","","","","",""
13080,"2026-08-03 22:44:02.457161","train",39,0.0998511016368866,0.0009550565361382738,"","","","","",""
13100,"2026-08-03 22:44:03.358945","train",39,1.2239551544189453,0.0009544930390732855,"","","","","",""
13120,"2026-08-03 22:44:04.117969","train",39,1.735417366027832,0.0009539261998060421,"","","","","",""
13140,"2026-08-03 22:44:04.935722","train",39,0.1480318009853363,0.0009533560225049236,"","","","","",""
13160,"2026-08-03 22:44:05.742074","train",39,1.4500551223754883,0.0009527825113628578,"","","","","",""
13180,"2026-08-03 22:44:06.615252","train",39,0.8501498699188232,0.0009522056705972876,"","","","","",""
13200,"2026-08-03 22:44:07.433679","train",39,1.6825896501541138,0.0009516255044501416,"","","","","",""
13220,"2026-08-03 22:44:08.311678","train",39,1.0544967651367188,0.0009510420171878024,"","","","","",""
13240,"2026-08-03 22:44:09.089479","train",39,1.0494277477264404,0.0009504552131010752,"","","","","",""
13240,"2026-08-03 22:44:24.891084","val",39,"","",0.8207177308730476,0.3141985036426503,0.6912280701754386,0.8113207547169812,0.8097974822112753,0.8219763944930558
13260,"2026-08-03 22:44:36.157554","train",40,0.42150503396987915,0.0009498650965051557,"","","","","",""
13280,"2026-08-03 22:44:37.020399","train",40,3.7829172611236572,0.0009492716717395995,"","","","","",""
13300,"2026-08-03 22:44:37.774470","train",40,0.181203231215477,0.0009486749431682892,"","","","","",""
13320,"2026-08-03 22:44:38.694511","train",40,2.4007203578948975,0.0009480749151794029,"","","","","",""
13340,"2026-08-03 22:44:39.527102","train",40,1.869098424911499,0.0009474715921853814,"","","","","",""
13360,"2026-08-03 22:44:40.316781","train",40,1.7647144794464111,0.0009468649786228965,"","","","","",""
13380,"2026-08-03 22:44:41.119950","train",40,0.33390894532203674,0.0009462550789528177,"","","","","",""
13400,"2026-08-03 22:44:41.893587","train",40,1.8133963346481323,0.0009456418976601794,"","","","","",""
13420,"2026-08-03 22:44:42.703151","train",40,0.26775962114334106,0.0009450254392541485,"","","","","",""
13440,"2026-08-03 22:44:43.542550","train",40,0.7366143465042114,0.0009444057082679911,"","","","","",""
13460,"2026-08-03 22:44:44.365478","train",40,1.20010244846344,0.0009437827092590381,"","","","","",""
13480,"2026-08-03 22:44:45.166848","train",40,1.7247364521026611,0.0009431564468086533,"","","","","",""
13500,"2026-08-03 22:44:45.984857","train",40,0.5329063534736633,0.0009425269255221989,"","","","","",""
13520,"2026-08-03 22:44:46.921885","train",40,0.46709051728248596,0.0009418941500290012,"","","","","",""
13540,"2026-08-03 22:44:47.768604","train",40,1.4028944969177246,0.0009412581249823178,"","","","","",""
13560,"2026-08-03 22:44:48.690689","train",40,0.6397416591644287,0.0009406188550593017,"","","","","",""
13571,"2026-08-03 22:45:04.748881","val",40,"","",0.8085933005885215,0.2842770802084513,0.6751993620414674,0.8050314465408805,0.8661740558292282,0.8017107191972314
13580,"2026-08-03 22:45:15.731494","train",41,5.214099884033203,0.0009399763449609687,"","","","","",""
13600,"2026-08-03 22:45:16.580352","train",41,6.056513786315918,0.0009393305994121612,"","","","","",""
13620,"2026-08-03 22:45:17.389979","train",41,0.3412771224975586,0.0009386816231615149,"","","","","",""
13640,"2026-08-03 22:45:18.211229","train",41,0.3616149127483368,0.0009380294209814227,"","","","","",""
13660,"2026-08-03 22:45:19.072771","train",41,0.4321863651275635,0.0009373739976680003,"","","","","",""
13680,"2026-08-03 22:45:19.955261","train",41,1.5393630266189575,0.0009367153580410509,"","","","","",""
13700,"2026-08-03 22:45:20.742649","train",41,0.25637030601501465,0.0009360535069440291,"","","","","",""
13720,"2026-08-03 22:45:21.537876","train",41,2.0042033195495605,0.0009353884492440061,"","","","","",""
13740,"2026-08-03 22:45:22.433760","train",41,0.3942444324493408,0.0009347201898316339,"","","","","",""
13760,"2026-08-03 22:45:23.226438","train",41,2.731693983078003,0.0009340487336211081,"","","","","",""
13780,"2026-08-03 22:45:24.043292","train",41,3.0395004749298096,0.0009333740855501337,"","","","","",""
13800,"2026-08-03 22:45:24.845409","train",41,0.5763118267059326,0.0009326962505798869,"","","","","",""
13820,"2026-08-03 22:45:25.713426","train",41,0.5306355953216553,0.0009320152336949803,"","","","","",""
13840,"2026-08-03 22:45:26.605162","train",41,0.18064624071121216,0.0009313310399034245,"","","","","",""
13860,"2026-08-03 22:45:27.404297","train",41,0.5969042778015137,0.0009306436742365932,"","","","","",""
13880,"2026-08-03 22:45:28.214372","train",41,1.4893748760223389,0.0009299531417491844,"","","","","",""
13900,"2026-08-03 22:45:29.084137","train",41,0.38492095470428467,0.0009292594475191842,"","","","","",""
13902,"2026-08-03 22:45:44.924633","val",41,"","",0.8088587990619054,0.29702120737719534,0.6879585326953748,0.8301886792452831,0.8412698412698413,0.806123528433906
13920,"2026-08-03 22:45:56.177293","train",42,4.281391620635986,0.0009285625966478298,"","","","","",""
13940,"2026-08-03 22:45:56.966512","train",42,1.0370516777038574,0.000927862594259571,"","","","","",""
13960,"2026-08-03 22:45:57.802927","train",42,2.3506357669830322,0.0009271594455020328,"","","","","",""
13980,"2026-08-03 22:45:58.588967","train",42,0.7563925981521606,0.0009264531555459782,"","","","","",""
14000,"2026-08-03 22:45:59.417628","train",42,0.8477948904037476,0.0009257437295852696,"","","","","",""
14020,"2026-08-03 22:46:00.358356","train",42,0.2853538990020752,0.0009250311728368303,"","","","","",""
14040,"2026-08-03 22:46:01.162280","train",42,0.19609832763671875,0.0009243154905406074,"","","","","",""
14060,"2026-08-03 22:46:01.987038","train",42,1.2573050260543823,0.0009235966879595315,"","","","","",""
14080,"2026-08-03 22:46:02.795082","train",42,1.2325067520141602,0.0009228747703794797,"","","","","",""
14100,"2026-08-03 22:46:03.669315","train",42,0.3835698664188385,0.0009221497431092351,"","","","","",""
14120,"2026-08-03 22:46:04.522946","train",42,0.7468910217285156,0.0009214216114804494,"","","","","",""
14140,"2026-08-03 22:46:05.368210","train",42,2.0775110721588135,0.0009206903808476026,"","","","","",""
14160,"2026-08-03 22:46:06.284556","train",42,0.32674869894981384,0.0009199560565879638,"","","","","",""
14180,"2026-08-03 22:46:07.131511","train",42,0.22083169221878052,0.0009192186441015519,"","","","","",""
14200,"2026-08-03 22:46:07.932216","train",42,0.9488552808761597,0.0009184781488110958,"","","","","",""
14220,"2026-08-03 22:46:08.748140","train",42,0.4234554171562195,0.0009177345761619945,"","","","","",""
14233,"2026-08-03 22:46:25.171899","val",42,"","",0.8138590203106332,0.30272563524515445,0.6789473684210526,0.7327044025157233,0.8330596606458676,0.8128938658929139
14240,"2026-08-03 22:46:35.915803","train",43,0.5873495936393738,0.0009169879316222769,"","","","","",""
14260,"2026-08-03 22:46:36.774618","train",43,3.269040107727051,0.0009162382206825618,"","","","","",""
14280,"2026-08-03 22:46:37.608338","train",43,0.3303399085998535,0.0009154854488560177,"","","","","",""
14300,"2026-08-03 22:46:38.457301","train",43,0.506126344203949,0.0009147296216783218,"","","","","",""
14320,"2026-08-03 22:46:39.337089","train",43,2.7030487060546875,0.0009139707447076194,"","","","","",""
14340,"2026-08-03 22:46:40.133351","train",43,2.3753044605255127,0.0009132088235244833,"","","","","",""
14360,"2026-08-03 22:46:40.938754","train",43,0.21173427999019623,0.0009124438637318727,"","","","","",""
14380,"2026-08-03 22:46:41.738193","train",43,0.31027379631996155,0.0009116758709550918,"","","","","",""
14400,"2026-08-03 22:46:42.528679","train",43,2.465369701385498,0.0009109048508417484,"","","","","",""
14420,"2026-08-03 22:46:43.414142","train",43,2.649153232574463,0.0009101308090617127,"","","","","",""
14440,"2026-08-03 22:46:44.201594","train",43,0.1846630871295929,0.0009093537513070753,"","","","","",""
14460,"2026-08-03 22:46:45.032686","train",43,1.1882892847061157,0.0009085736832921053,"","","","","",""
14480,"2026-08-03 22:46:45.845697","train",43,0.24741995334625244,0.0009077906107532089,"","","","","",""
14500,"2026-08-03 22:46:46.669587","train",43,0.5233563780784607,0.0009070045394488863,"","","","","",""
14520,"2026-08-03 22:46:47.714371","train",43,1.5516451597213745,0.00090621547515969,"","","","","",""
14540,"2026-08-03 22:46:48.513230","train",43,2.525585889816284,0.0009054234236881818,"","","","","",""
14560,"2026-08-03 22:46:49.279668","train",43,0.5889328718185425,0.000904628390858891,"","","","","",""
14564,"2026-08-03 22:47:05.353251","val",43,"","",0.8185583432895261,0.3120642216436562,0.6940191387559809,0.7547169811320755,0.836343732895457,0.8176542594187786
14580,"2026-08-03 22:47:16.545560","train",44,1.550934910774231,0.0009038303825182704,"","","","","",""
14600,"2026-08-03 22:47:17.412696","train",44,0.6120922565460205,0.0009030294045346542,"","","","","",""
14620,"2026-08-03 22:47:18.231484","train",44,0.5089070796966553,0.0009022254627982146,"","","","","",""
14640,"2026-08-03 22:47:19.140659","train",44,2.814159393310547,0.0009014185632209181,"","","","","",""
14660,"2026-08-03 22:47:19.939212","train",44,1.793582797050476,0.0009006087117364825,"","","","","",""
14680,"2026-08-03 22:47:20.744698","train",44,2.3228554725646973,0.0008997959143003334,"","","","","",""
14700,"2026-08-03 22:47:21.577654","train",44,0.14735165238380432,0.0008989801768895595,"","","","","",""
14720,"2026-08-03 22:47:22.428119","train",44,3.490581512451172,0.0008981615055028701,"","","","","",""
14740,"2026-08-03 22:47:23.269726","train",44,0.7676810622215271,0.0008973399061605493,"","","","","",""
14760,"2026-08-03 22:47:24.137223","train",44,0.3289375603199005,0.0008965153849044133,"","","","","",""
14780,"2026-08-03 22:47:24.910197","train",44,0.21452675759792328,0.0008956879477977646,"","","","","",""
14800,"2026-08-03 22:47:25.732548","train",44,1.293279767036438,0.0008948576009253486,"","","","","",""
14820,"2026-08-03 22:47:26.501341","train",44,1.486414909362793,0.000894024350393308,"","","","","",""
14840,"2026-08-03 22:47:27.252226","train",44,0.8465375304222107,0.0008931882023291385,"","","","","",""
14860,"2026-08-03 22:47:28.068368","train",44,2.448767900466919,0.0008923491628816432,"","","","","",""
14880,"2026-08-03 22:47:28.886427","train",44,0.2360929399728775,0.0008915072382208876,"","","","","",""
14895,"2026-08-03 22:47:45.278649","val",44,"","",0.8217443249701314,0.3286269339543006,0.7027113237639554,0.7861635220125787,0.8440065681444991,0.819860664037116
14900,"2026-08-03 22:47:56.102507","train",45,3.7970707416534424,0.0008906624345381544,"","","","","",""
14920,"2026-08-03 22:47:56.916526","train",45,0.8575048446655273,0.0008898147580458979,"","","","","",""
14940,"2026-08-03 22:47:57.762758","train",45,0.6511425971984863,0.0008889642149776983,"","","","","",""
14960,"2026-08-03 22:47:58.685358","train",45,2.1501176357269287,0.0008881108115882154,"","","","","",""
14980,"2026-08-03 22:47:59.478326","train",45,0.8805197477340698,0.0008872545541531435,"","","","","",""
15000,"2026-08-03 22:48:00.350902","train",45,1.4398157596588135,0.0008863954489691645,"","","","","",""
15020,"2026-08-03 22:48:01.169139","train",45,0.1995915174484253,0.0008855335023539018,"","","","","",""
15040,"2026-08-03 22:48:01.927467","train",45,1.796217679977417,0.0008846687206458744,"","","","","",""
15060,"2026-08-03 22:48:02.745420","train",45,1.5237023830413818,0.000883801110204449,"","","","","",""
15080,"2026-08-03 22:48:03.572608","train",45,0.04017692059278488,0.0008829306774097949,"","","","","",""
15100,"2026-08-03 22:48:04.428610","train",45,2.149275779724121,0.0008820574286628353,"","","","","",""
15120,"2026-08-03 22:48:05.309615","train",45,0.6600444316864014,0.000881181370385202,"","","","","",""
15140,"2026-08-03 22:48:06.085190","train",45,0.3098166584968567,0.0008803025090191867,"","","","","",""
15160,"2026-08-03 22:48:06.918931","train",45,0.14358893036842346,0.0008794208510276945,"","","","","",""
15180,"2026-08-03 22:48:07.681497","train",45,0.35822224617004395,0.0008785364028941962,"","","","","",""
15200,"2026-08-03 22:48:08.461170","train",45,0.272433340549469,0.0008776491711226802,"","","","","",""
15220,"2026-08-03 22:48:09.371744","train",45,0.5013910531997681,0.0008767591622376055,"","","","","",""
15226,"2026-08-03 22:48:25.381783","val",45,"","",0.7966812690827029,0.282853934854764,0.6697767145135566,0.7610062893081762,0.8199233716475095,0.7984766740717233
15240,"2026-08-03 22:48:36.565598","train",46,0.2193039059638977,0.0008758663827838528,"","","","","",""
15260,"2026-08-03 22:48:37.397663","train",46,0.3104549050331116,0.000874970839326677,"","","","","",""
15280,"2026-08-03 22:48:38.262234","train",46,3.353180408477783,0.0008740725384516586,"","","","","",""
15300,"2026-08-03 22:48:39.061607","train",46,0.2741246521472931,0.0008731714867646554,"","","","","",""
15320,"2026-08-03 22:48:39.845216","train",46,0.17089927196502686,0.0008722676908917545,"","","","","",""
15340,"2026-08-03 22:48:40.652411","train",46,0.14931346476078033,0.0008713611574792219,"","","","","",""
15360,"2026-08-03 22:48:41.429180","train",46,0.13514848053455353,0.0008704518931934557,"","","","","",""
15380,"2026-08-03 22:48:42.229952","train",46,0.4380568861961365,0.0008695399047209353,"","","","","",""
15400,"2026-08-03 22:48:43.094103","train",46,1.5605624914169312,0.0008686251987681736,"","","","","",""
15420,"2026-08-03 22:48:43.908071","train",46,0.7573739290237427,0.0008677077820616671,"","","","","",""
15440,"2026-08-03 22:48:44.705446","train",46,1.2705633640289307,0.000866787661347846,"","","","","",""
15460,"2026-08-03 22:48:45.496505","train",46,0.4293130040168762,0.0008658648433930254,"","","","","",""
15480,"2026-08-03 22:48:46.318980","train",46,1.958471655845642,0.000864939334983355,"","","","","",""
15500,"2026-08-03 22:48:47.215761","train",46,0.4195757508277893,0.0008640111429247693,"","","","","",""
15520,"2026-08-03 22:48:48.021448","train",46,0.5565299987792969,0.000863080274042938,"","","","","",""
15540,"2026-08-03 22:48:48.817701","train",46,3.0509326457977295,0.0008621467351832148,"","","","","",""
15557,"2026-08-03 22:49:05.255862","val",46,"","",0.8029204832072215,0.3076636328191825,0.6610845295055822,0.7735849056603774,0.7848932676518884,0.8105212253101812
