"step","time","part","epoch","loss","lr","auroc","auprc","auroc_age_cond","auroc_age_weighted","accuracy","f_measure","auroc_I0002","auroc_age_cond_I0002","auroc_I0006","auroc_age_cond_I0006","auroc_S0001","auroc_age_cond_S0001"
20,"2026-08-05 19:13:26.219453","train",0,1.6890735626220703,4.0009669118256925e-05,"","","","","","","","","","","",""
40,"2026-08-05 19:13:27.113578","train",0,0.7937263250350952,4.003867608347821e-05,"","","","","","","","","","","",""
60,"2026-08-05 19:13:27.962268","train",0,1.675769329071045,4.008701972703149e-05,"","","","","","","","","","","",""
80,"2026-08-05 19:13:28.759814","train",0,0.34975874423980713,4.01546981012485e-05,"","","","","","","","","","","",""
100,"2026-08-05 19:13:29.587099","train",0,0.3573611378669739,4.024170847950336e-05,"","","","","","","","","","","",""
120,"2026-08-05 19:13:30.395250","train",0,1.2133430242538452,4.034804735632237e-05,"","","","","","","","","","","",""
140,"2026-08-05 19:13:31.263156","train",0,0.7756372094154358,4.047371044752597e-05,"","","","","","","","","","","",""
160,"2026-08-05 19:13:32.075992","train",0,0.7781890630722046,4.0618692690400234e-05,"","","","","","","","","","","",""
180,"2026-08-05 19:13:32.966147","train",0,1.5667905807495117,4.078298824390159e-05,"","","","","","","","","","","",""
200,"2026-08-05 19:13:33.791484","train",0,1.5497187376022339,4.0966590488892185e-05,"","","","","","","","","","","",""
220,"2026-08-05 19:13:34.742570","train",0,0.4028732180595398,4.116949202840584e-05,"","","","","","","","","","","",""
240,"2026-08-05 19:13:35.577617","train",0,0.7714308500289917,4.139168468794696e-05,"","","","","","","","","","","",""
260,"2026-08-05 19:13:36.403518","train",0,0.7762988209724426,4.163315951581951e-05,"","","","","","","","","","","",""
280,"2026-08-05 19:13:37.206068","train",0,0.7893872857093811,4.1893906783486826e-05,"","","","","","","","","","","",""
300,"2026-08-05 19:13:38.027752","train",0,0.7855198979377747,4.2173915985965304e-05,"","","","","","","","","","","",""
320,"2026-08-05 19:13:38.892243","train",0,1.9030041694641113,4.247317584224616e-05,"","","","","","","","","","","",""
330,"2026-08-05 19:13:55.065329","val",0,"","",0.6338557706268483,0.14457019923417397,0.5636207238801032,0.5614206665308004,0.08045112781954887,0.1489213639526792,0.5842424242424242,0.5555555555555556,0.6835748792270531,0.6109375,0.6285119667013528,0.5556643356643357
340,"2026-08-05 19:14:06.074844","train",1,1.1316746473312378,4.2791674295750344e-05,"","","","","","","","","","","",""
360,"2026-08-05 19:14:06.911018","train",1,0.7999994158744812,4.312939851481461e-05,"","","","","","","","","","","",""
380,"2026-08-05 19:14:07.704647","train",1,1.5101507902145386,4.3486334893207915e-05,"","","","","","","","","","","",""
400,"2026-08-05 19:14:08.573070","train",1,1.1196296215057373,4.386246905068044e-05,"","","","","","","","","","","",""
420,"2026-08-05 19:14:09.386756","train",1,0.44572994112968445,4.425778583354138e-05,"","","","","","","","","","","",""
440,"2026-08-05 19:14:10.231263","train",1,1.1304435729980469,4.467226931527152e-05,"","","","","","","","","","","",""
460,"2026-08-05 19:14:11.140824","train",1,1.1580766439437866,4.5105902797163235e-05,"","","","","","","","","","","",""
480,"2026-08-05 19:14:12.020378","train",1,0.7970554828643799,4.555866880899377e-05,"","","","","","","","","","","",""
500,"2026-08-05 19:14:12.833043","train",1,1.7674826383590698,4.6030549109729656e-05,"","","","","","","","","","","",""
520,"2026-08-05 19:14:13.625082","train",1,0.4537923038005829,4.65215246882605e-05,"","","","","","","","","","","",""
540,"2026-08-05 19:14:14.527795","train",1,0.4339187443256378,4.703157576416595e-05,"","","","","","","","","","","",""
560,"2026-08-05 19:14:15.420155","train",1,0.7728631496429443,4.756068178851181e-05,"","","","","","","","","","","",""
580,"2026-08-05 19:14:16.277750","train",1,1.548525333404541,4.8108821444678386e-05,"","","","","","","","","","","",""
600,"2026-08-05 19:14:17.099963","train",1,1.491398572921753,4.867597264921939e-05,"","","","","","","","","","","",""
620,"2026-08-05 19:14:17.943980","train",1,0.40812090039253235,4.9262112552751194e-05,"","","","","","","","","","","",""
640,"2026-08-05 19:14:18.833680","train",1,0.7960846424102783,4.9867217540873325e-05,"","","","","","","","","","","",""
660,"2026-08-05 19:14:19.632374","train",1,0.4136072099208832,5.0491263235120714e-05,"","","","","","","","","","","",""
660,"2026-08-05 19:14:35.598319","val",1,"","",0.6407867890356944,0.14598826889888167,0.5907496857010521,0.6077274488121569,0.08045112781954887,0.1489213639526792,0.6387878787878788,0.6752136752136753,0.6633221850613156,0.5859375,0.6331472897549901,0.5881118881118881
680,"2026-08-05 19:14:47.023991","train",2,0.7975250482559204,5.1134224493944907e-05,"","","","","","","","","","","",""
700,"2026-08-05 19:14:47.920122","train",2,1.1999555826187134,5.179607541372735e-05,"","","","","","","","","","","",""
720,"2026-08-05 19:14:48.729172","train",2,0.7947236895561218,5.247678932982294e-05,"","","","","","","","","","","",""
740,"2026-08-05 19:14:49.633269","train",2,0.4023204445838928,5.317633881763437e-05,"","","","","","","","","","","",""
760,"2026-08-05 19:14:50.441259","train",2,0.41135990619659424,5.389469569371701e-05,"","","","","","","","","","","",""
780,"2026-08-05 19:14:51.316984","train",2,1.1009865999221802,5.4631831016914325e-05,"","","","","","","","","","","",""
800,"2026-08-05 19:14:52.159830","train",2,1.540958285331726,5.538771508952368e-05,"","","","","","","","","","","",""
820,"2026-08-05 19:14:53.086675","train",2,1.2192952632904053,5.616231745849299e-05,"","","","","","","","","","","",""
840,"2026-08-05 19:14:53.907282","train",2,0.7821463346481323,5.6955606916647824e-05,"","","","","","","","","","","",""
860,"2026-08-05 19:14:54.769120","train",2,1.1098729372024536,5.7767551503947996e-05,"","","","","","","","","","","",""
880,"2026-08-05 19:14:55.639878","train",2,0.400133341550827,5.859811850877602e-05,"","","","","","","","","","","",""
900,"2026-08-05 19:14:56.544731","train",2,0.3866356313228607,5.944727446925452e-05,"","","","","","","","","","","",""
920,"2026-08-05 19:14:57.333828","train",2,1.5914714336395264,6.0314985174594144e-05,"","","","","","","","","","","",""
940,"2026-08-05 19:14:58.184990","train",2,1.8013540506362915,6.12012156664724e-05,"","","","","","","","","","","",""
960,"2026-08-05 19:14:59.034077","train",2,1.5169059038162231,6.210593024044177e-05,"","","","","","","","","","","",""
980,"2026-08-05 19:14:59.820001","train",2,0.7702717781066895,6.302909244736783e-05,"","","","","","","","","","","",""
990,"2026-08-05 19:15:15.952805","val",2,"","",0.6725838867194962,0.16369825137715477,0.6032554754185139,0.6008648696246955,0.08045112781954887,0.1489213639526792,0.6848484848484849,0.6752136752136753,0.70958751393534,0.6421875,0.6528395295304764,0.575944055944056
1000,"2026-08-05 19:15:26.811242","train",3,0.7369006872177124,6.397066509489843e-05,"","","","","","","","","","","",""
1020,"2026-08-05 19:15:27.654439","train",3,0.7861670255661011,6.493061024896165e-05,"","","","","","","","","","","",""
1040,"2026-08-05 19:15:28.467355","train",3,1.0966747999191284,6.590888923529385e-05,"","","","","","","","","","","",""
1060,"2026-08-05 19:15:29.288179","train",3,0.4205006957054138,6.690546264099867e-05,"","","","","","","","","","","",""
1080,"2026-08-05 19:15:30.202800","train",3,0.39088934659957886,6.792029031613383e-05,"","","","","","","","","","","",""
1100,"2026-08-05 19:15:31.043498","train",3,0.8140609860420227,6.895333137532905e-05,"","","","","","","","","","","",""
1120,"2026-08-05 19:15:31.965797","train",3,0.3664993643760681,7.000454419943424e-05,"","","","","","","","","","","",""
1140,"2026-08-05 19:15:32.752453","train",3,1.2800341844558716,7.107388643719421e-05,"","","","","","","","","","","",""
1160,"2026-08-05 19:15:33.654507","train",3,0.3966546058654785,7.216131500695699e-05,"","","","","","","","","","","",""
1180,"2026-08-05 19:15:34.611567","train",3,1.5041766166687012,7.326678609840805e-05,"","","","","","","","","","","",""
1200,"2026-08-05 19:15:35.499751","train",3,0.3761286437511444,7.439025517433622e-05,"","","","","","","","","","","",""
1220,"2026-08-05 19:15:36.285648","train",3,0.7216579914093018,7.553167697242744e-05,"","","","","","","","","","","",""
1240,"2026-08-05 19:15:37.075776","train",3,1.500112771987915,7.669100550708853e-05,"","","","","","","","","","","",""
1260,"2026-08-05 19:15:37.893496","train",3,0.818666934967041,7.78681940713003e-05,"","","","","","","","","","","",""
1280,"2026-08-05 19:15:38.758231","train",3,1.6200907230377197,7.906319523849799e-05,"","","","","","","","","","","",""
1300,"2026-08-05 19:15:39.611829","train",3,0.37537240982055664,8.027596086448345e-05,"","","","","","","","","","","",""
1320,"2026-08-05 19:15:40.414335","train",3,2.3049755096435547,8.150644208936388e-05,"","","","","","","","","","","",""
1320,"2026-08-05 19:15:56.250347","val",3,"","",0.7171655420637165,0.19375063348523316,0.6377952755905512,0.6503332136626314,0.08045112781954887,0.1489213639526792,0.7212121212121212,0.6752136752136753,0.7151616499442587,0.6328125,0.7047898338220919,0.6222377622377623
1340,"2026-08-05 19:16:07.527672","train",4,0.714597225189209,8.275458933952075e-05,"","","","","","","","","","","",""
1360,"2026-08-05 19:16:08.380799","train",4,1.106863021850586,8.402035232960643e-05,"","","","","","","","","","","",""
1380,"2026-08-05 19:16:09.197331","train",4,0.7084150314331055,8.530368006457107e-05,"","","","","","","","","","","",""
1400,"2026-08-05 19:16:10.076413","train",4,0.7842559814453125,8.660452084171611e-05,"","","","","","","","","","","",""
1420,"2026-08-05 19:16:10.954612","train",4,0.8494067192077637,8.792282225277784e-05,"","","","","","","","","","","",""
1440,"2026-08-05 19:16:11.811409","train",4,0.709064245223999,8.925853118603834e-05,"","","","","","","","","","","",""
1460,"2026-08-05 19:16:12.637870","train",4,0.8580743074417114,9.061159382846599e-05,"","","","","","","","","","","",""
1480,"2026-08-05 19:16:13.521389","train",4,0.6551834344863892,9.198195566788303e-05,"","","","","","","","","","","",""
1500,"2026-08-05 19:16:14.398981","train",4,0.8422069549560547,9.336956149516129e-05,"","","","","","","","","","","",""
1520,"2026-08-05 19:16:15.274155","train",4,0.37617576122283936,9.477435540644738e-05,"","","","","","","","","","","",""
1540,"2026-08-05 19:16:16.089574","train",4,0.6752903461456299,9.619628080541462e-05,"","","","","","","","","","","",""
1560,"2026-08-05 19:16:16.989201","train",4,0.404526948928833,9.763528040554253e-05,"","","","","","","","","","","",""
1580,"2026-08-05 19:16:17.864615","train",4,1.2343394756317139,9.9091296232426e-05,"","","","","","","","","","","",""
1600,"2026-08-05 19:16:18.675749","train",4,1.1068507432937622,0.00010056426962610978,"","","","","","","","","","","",""
1620,"2026-08-05 19:16:19.520940","train",4,0.3232952356338501,0.00010205414124345256,"","","","","","","","","","","",""
1640,"2026-08-05 19:16:20.318383","train",4,0.3059117794036865,0.00010356085106051735,"","","","","","","","","","","",""
1650,"2026-08-05 19:16:36.464037","val",4,"","",0.7771604985442568,0.24323310134028542,0.6587705948521141,0.6777368631546816,0.3699248120300752,0.19423076923076923,0.6484848484848484,0.5811965811965812,0.7166480862133037,0.5796875,0.8036924920379656,0.6924475524475524
1660,"2026-08-05 19:16:47.289986","train",5,0.3512588441371918,0.00010508433837499,"","","","","","","","","","","",""
1680,"2026-08-05 19:16:48.224594","train",5,0.6658362150192261,0.00010662454180862481,"","","","","","","","","","","",""
1700,"2026-08-05 19:16:49.090963","train",5,1.1296868324279785,0.00010818139930971696,"","","","","","","","","","","",""
1720,"2026-08-05 19:16:49.909015","train",5,0.35655534267425537,0.00010975484815560249,"","","","","","","","","","","",""
1740,"2026-08-05 19:16:50.746169","train",5,0.5887115597724915,0.00011134482495518607,"","","","","","","","","","","",""
1760,"2026-08-05 19:16:51.556146","train",5,0.6055186986923218,0.00011295126565149388,"","","","","","","","","","","",""
1780,"2026-08-05 19:16:52.352050","train",5,1.6947883367538452,0.00011457410552425469,"","","","","","","","","","","",""
1800,"2026-08-05 19:16:53.208909","train",5,0.4000476598739624,0.00011621327919250754,"","","","","","","","","","","",""
1820,"2026-08-05 19:16:54.061802","train",5,1.2187283039093018,0.00011786872061723562,"","","","","","","","","","","",""
1840,"2026-08-05 19:16:54.912216","train",5,1.1547496318817139,0.00011954036310402667,"","","","","","","","","","","",""
1860,"2026-08-05 19:16:55.897324","train",5,0.2983914613723755,0.00012122813930576064,"","","","","","","","","","","",""
1880,"2026-08-05 19:16:56.797257","train",5,0.3822752833366394,0.00012293198122532197,"","","","","","","","","","","",""
1900,"2026-08-05 19:16:57.655605","train",5,1.4341034889221191,0.0001246518202183398,"","","","","","","","","","","",""
1920,"2026-08-05 19:16:58.543222","train",5,0.6999040842056274,0.0001263875869959532,"","","","","","","","","","","",""
1940,"2026-08-05 19:16:59.336219","train",5,1.2459627389907837,0.0001281392116276029,"","","","","","","","","","","",""
1960,"2026-08-05 19:17:00.132725","train",5,0.2863878607749939,0.00012990662354384877,"","","","","","","","","","","",""
1980,"2026-08-05 19:17:00.894431","train",5,0.2826424539089203,0.00013168975153921188,"","","","","","","","","","","",""
1980,"2026-08-05 19:17:16.681702","val",5,"","",0.7817302328424817,0.26938040815125136,0.6536094752861774,0.6447209493858839,0.8165413533834587,0.3259668508287293,0.6872727272727273,0.6495726495726496,0.7211073950204385,0.55,0.8023838804275849,0.6812587412587413
2000,"2026-08-05 19:17:27.957015","train",6,0.7719646096229553,0.00013348852377504468,"","","","","","","","","","","",""
2020,"2026-08-05 19:17:28.832026","train",6,0.9958347082138062,0.00013530286778242438,"","","","","","","","","","","",""
2040,"2026-08-05 19:17:29.712721","train",6,0.36931851506233215,0.00013713271046507294,"","","","","","","","","","","",""
2060,"2026-08-05 19:17:30.590887","train",6,0.5057888031005859,0.0001389779781023015,"","","","","","","","","","","",""
2080,"2026-08-05 19:17:31.435016","train",6,0.9946780204772949,0.00014083859635198094,"","","","","","","","","","","",""
2100,"2026-08-05 19:17:32.346841","train",6,0.39065781235694885,0.00014271449025353672,"","","","","","","","","","","",""
2120,"2026-08-05 19:17:33.167924","train",6,0.3491068482398987,0.00014460558423096896,"","","","","","","","","","","",""
2140,"2026-08-05 19:17:33.994569","train",6,0.412322998046875,0.00014651180209589718,"","","","","","","","","","","",""
2160,"2026-08-05 19:17:34.958183","train",6,0.4897536039352417,0.00014843306705063003,"","","","","","","","","","","",""
2180,"2026-08-05 19:17:35.840839","train",6,0.9781578779220581,0.0001503693016912589,"","","","","","","","","","","",""
2200,"2026-08-05 19:17:36.693610","train",6,0.2669653296470642,0.0001523204280107765,"","","","","","","","","","","",""
2220,"2026-08-05 19:17:37.499439","train",6,0.32289937138557434,0.0001542863674022201,"","","","","","","","","","","",""
2240,"2026-08-05 19:17:38.361949","train",6,1.8321967124938965,0.00015626704066183759,"","","","","","","","","","","",""
2260,"2026-08-05 19:17:39.263861","train",6,0.37263596057891846,0.00015826236799227906,"","","","","","","","","","","",""
2280,"2026-08-05 19:17:40.049520","train",6,0.6431336402893066,0.0001602722690058116,"","","","","","","","","","","",""
2300,"2026-08-05 19:17:40.846236","train",6,0.667670488357544,0.00016229666272755765,"","","","","","","","","","","",""
2310,"2026-08-05 19:17:57.142518","val",6,"","",0.7935748618763421,0.2975327162594878,0.6745847945477403,0.6859599182877254,0.45789473684210524,0.21029572836801752,0.6921212121212121,0.7008547008547008,0.7283537718320328,0.5125,0.8161321855390533,0.7086713286713286
2320,"2026-08-05 19:18:07.985061","train",7,0.6600583791732788,0.00016433546759875794,"","","","","","","","","","","",""
2340,"2026-08-05 19:18:08.815865","train",7,1.9482545852661133,0.00016638860148005636,"","","","","","","","","","","",""
2360,"2026-08-05 19:18:09.643286","train",7,0.47444042563438416,0.00016845598165481004,"","","","","","","","","","","",""
2380,"2026-08-05 19:18:10.451555","train",7,0.33117741346359253,0.00017053752483242178,"","","","","","","","","","","",""
2400,"2026-08-05 19:18:11.306515","train",7,1.703971266746521,0.00017263314715169475,"","","","","","","","","","","",""
2420,"2026-08-05 19:18:12.132739","train",7,0.5400953888893127,0.0001747427641842124,"","","","","","","","","","","",""
2440,"2026-08-05 19:18:12.945910","train",7,0.4720209240913391,0.0001768662909377391,"","","","","","","","","","","",""
2460,"2026-08-05 19:18:13.967560","train",7,0.3460727334022522,0.00017900364185964416,"","","","","","","","","","","",""
2480,"2026-08-05 19:18:14.876154","train",7,0.6880530118942261,0.0001811547308403494,"","","","","","","","","","","",""
2500,"2026-08-05 19:18:15.784379","train",7,1.088383436203003,0.0001833194712167976,"","","","","","","","","","","",""
2520,"2026-08-05 19:18:16.644437","train",7,0.30927690863609314,0.0001854977757759441,"","","","","","","","","","","",""
2540,"2026-08-05 19:18:17.511654","train",7,0.7054910659790039,0.00018768955675827067,"","","","","","","","","","","",""
2560,"2026-08-05 19:18:18.350161","train",7,0.7968829870223999,0.00018989472586132105,"","","","","","","","","","","",""
2580,"2026-08-05 19:18:19.290231","train",7,0.7092915773391724,0.00019211319424325835,"","","","","","","","","","","",""
2600,"2026-08-05 19:18:20.138507","train",7,1.0959970951080322,0.0001943448725264446,"","","","","","","","","","","",""
2620,"2026-08-05 19:18:20.942672","train",7,1.356687307357788,0.00019658967080104118,"","","","","","","","","","","",""
2640,"2026-08-05 19:18:21.737588","train",7,1.4295809268951416,0.0001988474986286317,"","","","","","","","","","","",""
2640,"2026-08-05 19:18:37.723896","val",7,"","",0.7878894399400892,0.2992891646026705,0.6810692781049428,0.6865378628456127,0.7804511278195488,0.3209302325581395,0.6727272727272727,0.717948717948718,0.7309550353028614,0.4859375,0.8097152587267051,0.7261538461538461
2660,"2026-08-05 19:18:48.980350","train",8,1.4830682277679443,0.00020111826504586505,"","","","","","","","","","","",""
2680,"2026-08-05 19:18:49.811027","train",8,0.317668080329895,0.00020340187856812003,"","","","","","","","","","","",""
2700,"2026-08-05 19:18:50.678693","train",8,0.28770798444747925,0.00020569824719319195,"","","","","","","","","","","",""
2720,"2026-08-05 19:18:51.642528","train",8,0.2236517369747162,0.00020800727840499813,"","","","","","","","","","","",""
2740,"2026-08-05 19:18:52.483740","train",8,0.4680068790912628,0.0002103288791773058,"","","","","","","","","","","",""
2760,"2026-08-05 19:18:53.311412","train",8,0.2924356162548065,0.0002126629559774803,"","","","","","","","","","","",""
2780,"2026-08-05 19:18:54.174827","train",8,0.513656735420227,0.00021500941477025216,"","","","","","","","","","","",""
2800,"2026-08-05 19:18:55.104738","train",8,0.6295316815376282,0.00021736816102150658,"","","","","","","","","","","",""
2820,"2026-08-05 19:18:55.896072","train",8,0.29890358448028564,0.0002197390997020918,"","","","","","","","","","","",""
2840,"2026-08-05 19:18:56.732050","train",8,0.9725719690322876,0.0002221221352916473,"","","","","","","","","","","",""
2860,"2026-08-05 19:18:57.544169","train",8,0.22051849961280823,0.00022451717178245288,"","","","","","","","","","","",""
2880,"2026-08-05 19:18:58.360618","train",8,0.9667969942092896,0.0002269241126832955,"","","","","","","","","","","",""
2900,"2026-08-05 19:18:59.183568","train",8,0.7866198420524597,0.00022934286102335776,"","","","","","","","","","","",""
2920,"2026-08-05 19:19:00.004853","train",8,0.7724366784095764,0.00023177331935612412,"","","","","","","","","","","",""
2940,"2026-08-05 19:19:00.939046","train",8,0.6529772281646729,0.00023421538976330688,"","","","","","","","","","","",""
2960,"2026-08-05 19:19:01.781819","train",8,1.2506893873214722,0.00023666897385879134,"","","","","","","","","","","",""
2970,"2026-08-05 19:19:18.093782","val",8,"","",0.7774508829979903,0.29491607693933064,0.6428902269569245,0.6270765942476814,0.6195488721804512,0.25588235294117645,0.6581818181818181,0.7008547008547008,0.749721293199554,0.5171875,0.7935073944439188,0.6497902097902097
2980,"2026-08-05 19:19:28.934528","train",9,0.4282381534576416,0.00023913397279259896,"","","","","","","","","","","",""
3000,"2026-08-05 19:19:29.756906","train",9,0.3301680386066437,0.0002416102872548709,"","","","","","","","","","","",""
3020,"2026-08-05 19:19:30.699135","train",9,0.6771566271781921,0.00024409781747986796,"","","","","","","","","","","",""
3040,"2026-08-05 19:19:31.557950","train",9,0.9672534465789795,0.0002465964632499904,"","","","","","","","","","","",""
3060,"2026-08-05 19:19:32.390567","train",9,0.6723377108573914,0.0002491061238998159,"","","","","","","","","","","",""
3080,"2026-08-05 19:19:33.243046","train",9,1.2681318521499634,0.0002516266983201542,"","","","","","","","","","","",""
3100,"2026-08-05 19:19:34.112398","train",9,0.8651609420776367,0.0002541580849621214,"","","","","","","","","","","",""
3120,"2026-08-05 19:19:35.042079","train",9,0.7655418515205383,0.00025670018184123077,"","","","","","","","","","","",""
3140,"2026-08-05 19:19:35.999603","train",9,1.0359525680541992,0.00025925288654150196,"","","","","","","","","","","",""
3160,"2026-08-05 19:19:36.899667","train",9,0.7287687063217163,0.0002618160962195861,"","","","","","","","","","","",""
3180,"2026-08-05 19:19:37.729568","train",9,0.2855013906955719,0.0002643897076089108,"","","","","","","","","","","",""
3200,"2026-08-05 19:19:38.581416","train",9,1.3381022214889526,0.0002669736170238388,"","","","","","","","","","","",""
3220,"2026-08-05 19:19:39.413043","train",9,0.2473757565021515,0.00026956772036384634,"","","","","","","","","","","",""
3240,"2026-08-05 19:19:40.259262","train",9,1.3253477811813354,0.00027217191311771716,"","","","","","","","","","","",""
3260,"2026-08-05 19:19:41.055183","train",9,0.9451726078987122,0.0002747860903677523,"","","","","","","","","","","",""
3280,"2026-08-05 19:19:41.853189","train",9,0.2583561837673187,0.0002774101467939977,"","","","","","","","","","","",""
3300,"2026-08-05 19:19:42.692875","train",9,0.41858696937561035,0.0002800439766784871,"","","","","","","","","","","",""
3300,"2026-08-05 19:19:58.570615","val",9,"","",0.8027448972573953,0.3002351656968388,0.7078673989280752,0.7010317727280494,0.6390977443609023,0.26605504587155965,0.6921212121212121,0.6923076923076923,0.7898550724637681,0.646875,0.8151389020275597,0.7204195804195804
3320,"2026-08-05 19:20:10.041746","train",10,0.8413894176483154,0.00028268747390950116,"","","","","","","","","","","",""
3340,"2026-08-05 19:20:10.896656","train",10,0.5074001550674438,0.000285340531985843,"","","","","","","","","","","",""
3360,"2026-08-05 19:20:11.764404","train",10,0.634392261505127,0.00028800304402112767,"","","","","","","","","","","",""
3380,"2026-08-05 19:20:12.598234","train",10,0.9639682769775391,0.00029067490274809014,"","","","","","","","","","","",""
3400,"2026-08-05 19:20:13.457699","train",10,0.7403647899627686,0.0002933560005229049,"","","","","","","","","","","",""
3420,"2026-08-05 19:20:14.314751","train",10,0.5367828011512756,0.00029604622932952456,"","","","","","","","","","","",""
3440,"2026-08-05 19:20:15.291795","train",10,0.8495290875434875,0.0002987454807840304,"","","","","","","","","","","",""
3460,"2026-08-05 19:20:16.194260","train",10,1.7013356685638428,0.0003014536461389993,"","","","","","","","","","","",""
3480,"2026-08-05 19:20:16.992191","train",10,0.8723679184913635,0.0003041706162878855,"","","","","","","","","","","",""
3500,"2026-08-05 19:20:17.786677","train",10,0.6362987160682678,0.00030689628176941506,"","","","","","","","","","","",""
3520,"2026-08-05 19:20:18.587795","train",10,3.209336042404175,0.00030963053277199696,"","","","","","","","","","","",""
3540,"2026-08-05 19:20:19.399567","train",10,0.37015500664711,0.0003123732591381466,"","","","","","","","","","","",""
3560,"2026-08-05 19:20:20.352311","train",10,0.3947041928768158,0.00031512435036892405,"","","","","","","","","","","",""
3580,"2026-08-05 19:20:21.178096","train",10,0.6858437061309814,0.000317883695628386,"","","","","","","","","","","",""
3600,"2026-08-05 19:20:21.963250","train",10,0.36681312322616577,0.00032065118374805033,"","","","","","","","","","","",""
3620,"2026-08-05 19:20:22.898141","train",10,0.8937472701072693,0.00032342670323137605,"","","","","","","","","","","",""
3630,"2026-08-05 19:20:39.217230","val",10,"","",0.7792008314165412,0.2746957484966398,0.6430887315556144,0.6526688658902675,0.5947368421052631,0.24403927068723702,0.6521212121212121,0.5982905982905983,0.7567818654775177,0.5875,0.7943430139059692,0.6509090909090909
3640,"2026-08-05 19:20:50.370108","train",11,0.6274762749671936,0.0003262101422582543,"","","","","","","","","","","",""
3660,"2026-08-05 19:20:51.194572","train",11,0.44865575432777405,0.0003290013886895136,"","","","","","","","","","","",""
3680,"2026-08-05 19:20:52.151953","train",11,0.5419076085090637,0.00033180033007143843,"","","","","","","","","","","",""
3700,"2026-08-05 19:20:53.008174","train",11,0.4590924382209778,0.0003346068536402983,"","","","","","","","","","","",""
3720,"2026-08-05 19:20:53.857912","train",11,1.002478003501892,0.0003374208463268921,"","","","","","","","","","","",""
3740,"2026-08-05 19:20:54.728303","train",11,1.1203047037124634,0.00034024219476110334,"","","","","","","","","","","",""
3760,"2026-08-05 19:20:55.602211","train",11,1.8966357707977295,0.00034307078527646615,"","","","","","","","","","","",""
3780,"2026-08-05 19:20:56.412058","train",11,1.2396382093429565,0.00034590650391474694,"","","","","","","","","","","",""
3800,"2026-08-05 19:20:57.223019","train",11,0.6133670806884766,0.00034874923643053355,"","","","","","","","","","","",""
3820,"2026-08-05 19:20:58.144821","train",11,1.7654097080230713,0.00035159886829583893,"","","","","","","","","","","",""
3840,"2026-08-05 19:20:58.967664","train",11,0.5739181041717529,0.00035445528470471547,"","","","","","","","","","","",""
3860,"2026-08-05 19:20:59.810337","train",11,1.9825172424316406,0.0003573183705778793,"","","","","","","","","","","",""
3880,"2026-08-05 19:21:00.724877","train",11,0.880213737487793,0.000360188010567348,"","","","","","","","","","","",""
3900,"2026-08-05 19:21:01.606741","train",11,0.48051947355270386,0.00036306408906108594,"","","","","","","","","","","",""
3920,"2026-08-05 19:21:02.405061","train",11,0.8297920227050781,0.00036594649018766425,"","","","","","","","","","","",""
3940,"2026-08-05 19:21:03.270122","train",11,0.8054527044296265,0.000368835097820927,"","","","","","","","","","","",""
3960,"2026-08-05 19:21:04.088114","train",11,0.8088096380233765,0.00037172979558467063,"","","","","","","","","","","",""
3960,"2026-08-05 19:21:19.870330","val",11,"","",0.7853676802102995,0.2919318822757873,0.6667769469992721,0.6695372744297999,0.3142857142857143,0.1813285457809695,0.6727272727272726,0.6837606837606838,0.7577108881456707,0.6078125,0.8022419827830858,0.6763636363636364
3980,"2026-08-05 19:21:31.208409","train",12,0.7502593398094177,0.000374630466857333,"","","","","","","","","","","",""
4000,"2026-08-05 19:21:32.083628","train",12,1.3969409465789795,0.00037753699477669075,"","","","","","","","","","","",""
4020,"2026-08-05 19:21:32.901366","train",12,0.530589759349823,0.00038044926224456834,"","","","","","","","","","","",""
4040,"2026-08-05 19:21:33.763042","train",12,0.38489845395088196,0.0003833671519315548,"","","","","","","","","","","",""
4060,"2026-08-05 19:21:34.685970","train",12,0.5440740585327148,0.00038629054628173216,"","","","","","","","","","","",""
4080,"2026-08-05 19:21:35.496267","train",12,1.008901834487915,0.0003892193275174098,"","","","","","","","","","","",""
4100,"2026-08-05 19:21:36.382844","train",12,0.43117964267730713,0.0003921533776438704,"","","","","","","","","","","",""
4120,"2026-08-05 19:21:37.233791","train",12,0.3083745837211609,0.000395092578454124,"","","","","","","","","","","",""
4140,"2026-08-05 19:21:38.241150","train",12,0.4659877121448517,0.00039803681153366963,"","","","","","","","","","","",""
4160,"2026-08-05 19:21:39.133866","train",12,0.9903057217597961,0.00040098595826526637,"","","","","","","","","","","",""
4180,"2026-08-05 19:21:40.107114","train",12,1.198034405708313,0.0004039398998337123,"","","","","","","","","","","",""
4200,"2026-08-05 19:21:40.970323","train",12,0.640378475189209,0.00040689851723063066,"","","","","","","","","","","",""
4220,"2026-08-05 19:21:41.738846","train",12,0.5981442332267761,0.0004098616912592654,"","","","","","","","","","","",""
4240,"2026-08-05 19:21:42.598847","train",12,0.48710668087005615,0.00041282930253928266,"","","","","","","","","","","",""
4260,"2026-08-05 19:21:43.525443","train",12,1.7121028900146484,0.0004158012315115811,"","","","","","","","","","","",""
4280,"2026-08-05 19:21:44.318427","train",12,0.31932497024536133,0.0004187773584431074,"","","","","","","","","","","",""
4290,"2026-08-05 19:22:00.382623","val",12,"","",0.7876754724478645,0.31474611904991057,0.6645272282141202,0.6600803797855811,0.8481203007518797,0.34838709677419355,0.6642424242424243,0.6068376068376068,0.7627276105536975,0.6125,0.8062781824488381,0.7012587412587412
4300,"2026-08-05 19:22:11.231390","train",13,0.5967842936515808,0.00042175756343168145,"","","","","","","","","","","",""
4320,"2026-08-05 19:22:12.062115","train",13,0.2628418207168579,0.00042474172641082664,"","","","","","","","","","","",""
4340,"2026-08-05 19:22:13.044071","train",13,0.5042558908462524,0.00042772972715460634,"","","","","","","","","","","",""
4360,"2026-08-05 19:22:13.854794","train",13,0.40042153000831604,0.00043072144528246824,"","","","","","","","","","","",""
4380,"2026-08-05 19:22:14.731118","train",13,0.5714327692985535,0.0004337167602640942,"","","","","","","","","","","",""
4400,"2026-08-05 19:22:15.584339","train",13,0.44894084334373474,0.0004367155514242557,"","","","","","","","","","","",""
4420,"2026-08-05 19:22:16.477106","train",13,0.22969236969947815,0.0004397176979476769,"","","","","","","","","","","",""
4440,"2026-08-05 19:22:17.392641","train",13,1.1415729522705078,0.00044272307888389996,"","","","","","","","","","","",""
4460,"2026-08-05 19:22:18.201265","train",13,0.368034690618515,0.00044573157315215973,"","","","","","","","","","","",""
4480,"2026-08-05 19:22:19.042567","train",13,0.9497862458229065,0.00044874305954626097,"","","","","","","","","","","",""
4500,"2026-08-05 19:22:19.956361","train",13,0.2941555976867676,0.0004517574167394614,"","","","","","","","","","","",""
4520,"2026-08-05 19:22:20.739381","train",13,1.1042922735214233,0.00045477452328936087,"","","","","","","","","","","",""
4540,"2026-08-05 19:22:21.571184","train",13,0.6839464902877808,0.00045779425764279217,"","","","","","","","","","","",""
4560,"2026-08-05 19:22:22.369493","train",13,0.4746333956718445,0.00046081649814071993,"","","","","","","","","","","",""
4580,"2026-08-05 19:22:23.278833","train",13,0.9113736748695374,0.0004638411230231406,"","","","","","","","","","","",""
4600,"2026-08-05 19:22:24.119208","train",13,0.2870827317237854,0.0004668680104339891,"","","","","","","","","","","",""
4620,"2026-08-05 19:22:24.928570","train",13,0.19707529246807098,0.00046989703842604744,"","","","","","","","","","","",""
4620,"2026-08-05 19:22:40.679311","val",13,"","",0.7744171296260918,0.29700468434295396,0.6216502348971085,0.6257501524739277,0.8616541353383459,0.3333333333333333,0.6545454545454545,0.5811965811965812,0.7463768115942029,0.53125,0.7928925046510895,0.6509090909090909
4640,"2026-08-05 19:22:51.966063","train",14,0.6867584586143494,0.00047292808496585766,"","","","","","","","","","","",""
4660,"2026-08-05 19:22:52.816725","train",14,0.28950464725494385,0.00047596102793863893,"","","","","","","","","","","",""
4680,"2026-08-05 19:22:53.666034","train",14,0.3794881999492645,0.0004789957451532067,"","","","","","","","","","","",""
4700,"2026-08-05 19:22:54.547386","train",14,0.3050929605960846,0.00048203211434689607,"","","","","","","","","","","",""
4720,"2026-08-05 19:22:55.341425","train",14,0.5227557420730591,0.00048507001319048667,"","","","","","","","","","","",""
4740,"2026-08-05 19:22:56.156215","train",14,0.526185154914856,0.0004881093192931322,"","","","","","","","","","","",""
4760,"2026-08-05 19:22:57.036881","train",14,0.37079691886901855,0.0004911499102072906,"","","","","","","","","","","",""
4780,"2026-08-05 19:22:57.903279","train",14,0.6900877356529236,0.0004941916634336568,"","","","","","","","","","","",""
4800,"2026-08-05 19:22:58.786149","train",14,0.9157980680465698,0.0004972344564260994,"","","","","","","","","","","",""
4820,"2026-08-05 19:22:59.645551","train",14,0.2666205167770386,0.0005002781665965958,"","","","","","","","","","","",""
4840,"2026-08-05 19:23:00.509246","train",14,1.5756560564041138,0.0005033226713201733,"","","","","","","","","","","",""
4860,"2026-08-05 19:23:01.374496","train",14,0.4721556603908539,0.0005063678479398478,"","","","","","","","","","","",""
4880,"2026-08-05 19:23:02.271992","train",14,0.4822215735912323,0.0005094135737715651,"","","","","","","","","","","",""
4900,"2026-08-05 19:23:03.071183","train",14,0.7121074199676514,0.0005124597261091456,"","","","","","","","","","","",""
4920,"2026-08-05 19:23:03.947242","train",14,1.5710468292236328,0.0005155061822292258,"","","","","","","","","","","",""
4940,"2026-08-05 19:23:04.794450","train",14,0.2875214219093323,0.0005185528193962037,"","","","","","","","","","","",""
4950,"2026-08-05 19:23:21.111251","val",14,"","",0.7949198003988965,0.2966428900982171,0.6758419903394428,0.6983134251255548,0.7601503759398496,0.30501089324618735,0.6654545454545454,0.6495726495726496,0.8024897807506503,0.6734375,0.8027149749314161,0.6709090909090909
4960,"2026-08-05 19:23:32.108613","train",15,1.2111178636550903,0.0005215995148671833,"","","","","","","","","","","",""
4980,"2026-08-05 19:23:32.977133","train",15,0.508320152759552,0.0005246461458969195,"","","","","","","","","","","",""
5000,"2026-08-05 19:23:33.772226","train",15,1.1687754392623901,0.0005276925897427635,"","","","","","","","","","","",""
5020,"2026-08-05 19:23:34.695875","train",15,0.513622522354126,0.000530738723669608,"","","","","","","","","","","",""
5040,"2026-08-05 19:23:35.527723","train",15,0.7093560695648193,0.0005337844249548311,"","","","","","","","","","","",""
5060,"2026-08-05 19:23:36.359224","train",15,0.4176957607269287,0.0005368295708932417,"","","","","","","","","","","",""
5080,"2026-08-05 19:23:37.219557","train",15,0.5746460556983948,0.0005398740388020224,"","","","","","","","","","","",""
5100,"2026-08-05 19:23:38.011476","train",15,0.2992970943450928,0.0005429177060256725,"","","","","","","","","","","",""
5120,"2026-08-05 19:23:38.857558","train",15,0.19500961899757385,0.0005459604499409485,"","","","","","","","","","","",""
5140,"2026-08-05 19:23:39.673125","train",15,0.26865699887275696,0.0005490021479618057,"","","","","","","","","","","",""
5160,"2026-08-05 19:23:40.506721","train",15,0.398752361536026,0.0005520426775443366,"","","","","","","","","","","",""
5180,"2026-08-05 19:23:41.385285","train",15,1.6859370470046997,0.0005550819161917074,"","","","","","","","","","","",""
5200,"2026-08-05 19:23:42.199836","train",15,0.48664259910583496,0.0005581197414590931,"","","","","","","","","","","",""
5220,"2026-08-05 19:23:43.082372","train",15,0.8052932024002075,0.000561156030958612,"","","","","","","","","","","",""
5240,"2026-08-05 19:23:43.921696","train",15,0.9736850261688232,0.0005641906623642546,"","","","","","","","","","","",""
5260,"2026-08-05 19:23:44.733119","train",15,0.5652337074279785,0.0005672235134168129,"","","","","","","","","","","",""
5280,"2026-08-05 19:23:45.553291","train",15,0.2539958655834198,0.0005702544619288054,"","","","","","","","","","","",""
5280,"2026-08-05 19:24:01.434572","val",15,"","",0.7933074025110614,0.3125093161488306,0.6751141401442466,0.6795229620340008,0.7263157894736842,0.30798479087452474,0.6509090909090909,0.5641025641025641,0.7965440356744704,0.6640625,0.8079967205877716,0.708951048951049
5300,"2026-08-05 19:24:12.613014","train",16,1.1548306941986084,0.0005732833857894008,"","","","","","","","","","","",""
5320,"2026-08-05 19:24:13.551074","train",16,0.24071228504180908,0.0005763101629693366,"","","","","","","","","","","",""
5340,"2026-08-05 19:24:14.379901","train",16,0.40174567699432373,0.0005793346715258355,"","","","","","","","","","","",""
5360,"2026-08-05 19:24:15.263619","train",16,0.46547484397888184,0.000582356789607519,"","","","","","","","","","","",""
5380,"2026-08-05 19:24:16.194141","train",16,0.935690701007843,0.0005853763954593158,"","","","","","","","","","","",""
5400,"2026-08-05 19:24:17.089475","train",16,0.25591474771499634,0.000588393367427367,"","","","","","","","","","","",""
5420,"2026-08-05 19:24:17.878835","train",16,0.3094066381454468,0.0005914075839639282,"","","","","","","","","","","",""
5440,"2026-08-05 19:24:18.754943","train",16,0.27153852581977844,0.0005944189236322652,"","","","","","","","","","","",""
5460,"2026-08-05 19:24:19.598414","train",16,0.7113667130470276,0.0005974272651115474,"","","","","","","","","","","",""
5480,"2026-08-05 19:24:20.449299","train",16,0.64696204662323,0.0006004324872017349,"","","","","","","","","","","",""
5500,"2026-08-05 19:24:21.248402","train",16,1.4807300567626953,0.0006034344688284625,"","","","","","","","","","","",""
5520,"2026-08-05 19:24:22.113455","train",16,0.44004446268081665,0.0006064330890479158,"","","","","","","","","","","",""
5540,"2026-08-05 19:24:22.977207","train",16,0.865598201751709,0.0006094282270517052,"","","","","","","","","","","",""
5560,"2026-08-05 19:24:23.771013","train",16,0.30625495314598083,0.000612419762171733,"","","","","","","","","","","",""
5580,"2026-08-05 19:24:24.595721","train",16,0.5373244285583496,0.0006154075738850534,"","","","","","","","","","","",""
5600,"2026-08-05 19:24:25.368990","train",16,0.6761786341667175,0.0006183915418187301,"","","","","","","","","","","",""
5610,"2026-08-05 19:24:41.687418","val",16,"","",0.7927572003881982,0.3058134817893166,0.6682326473896645,0.688492802642703,0.7796992481203008,0.31381733021077285,0.6496969696969697,0.5811965811965812,0.7686733556298774,0.6046875,0.8136568599627912,0.6932867132867133
5620,"2026-08-05 19:24:52.532180","train",17,1.3047614097595215,0.0006213715457546845,"","","","","","","","","","","",""
5640,"2026-08-05 19:24:53.445208","train",17,0.6114616990089417,0.00062434746563454,"","","","","","","","","","","",""
5660,"2026-08-05 19:24:54.252864","train",17,0.3427237272262573,0.0006273191815644578,"","","","","","","","","","","",""
5680,"2026-08-05 19:24:55.052570","train",17,0.6120564341545105,0.000630286573819968,"","","","","","","","","","","",""
5700,"2026-08-05 19:24:55.904583","train",17,2.2628822326660156,0.0006332495228507935,"","","","","","","","","","","",""
5720,"2026-08-05 19:24:56.863121","train",17,1.3137052059173584,0.0006362079092856647,"","","","","","","","","","","",""
5740,"2026-08-05 19:24:57.662194","train",17,0.2972048223018646,0.0006391616139371306,"","","","","","","","","","","",""
5760,"2026-08-05 19:24:58.606046","train",17,0.30763065814971924,0.0006421105178063597,"","","","","","","","","","","",""
5780,"2026-08-05 19:24:59.426548","train",17,0.47814199328422546,0.0006450545020879343,"","","","","","","","","","","",""
5800,"2026-08-05 19:25:00.351797","train",17,0.4045342803001404,0.0006479934481746372,"","","","","","","","","","","",""
5820,"2026-08-05 19:25:01.251729","train",17,0.8053740859031677,0.0006509272376622293,"","","","","","","","","","","",""
5840,"2026-08-05 19:25:02.107692","train",17,1.1104434728622437,0.0006538557523542216,"","","","","","","","","","","",""
5860,"2026-08-05 19:25:02.962166","train",17,0.4607418477535248,0.0006567788742666354,"","","","","","","","","","","",""
5880,"2026-08-05 19:25:03.774478","train",17,0.43365538120269775,0.0006596964856327558,"","","","","","","","","","","",""
5900,"2026-08-05 19:25:04.640052","train",17,0.8299382925033569,0.0006626084689078779,"","","","","","","","","","","",""
5920,"2026-08-05 19:25:05.511672","train",17,0.48662543296813965,0.0006655147067740404,"","","","","","","","","","","",""
5940,"2026-08-05 19:25:06.287118","train",17,0.2627820372581482,0.0006684150821447532,"","","","","","","","","","","",""
5940,"2026-08-05 19:25:22.205385","val",17,"","",0.802194695134532,0.3026725554294723,0.7013167471713094,0.706274095829915,0.7315789473684211,0.3067961165048544,0.6727272727272727,0.6666666666666666,0.7984020810107767,0.675,0.8194273641724215,0.7218181818181818
5960,"2026-08-05 19:25:33.385637","train",18,0.763639509677887,0.0006713094781697143,"","","","","","","","","","","",""
5980,"2026-08-05 19:25:34.258754","train",18,0.2226485311985016,0.000674197778239518,"","","","","","","","","","","",""
6000,"2026-08-05 19:25:35.062115","train",18,0.9680490493774414,0.0006770798659903522,"","","","","","","","","","","",""
6020,"2026-08-05 19:25:35.971971","train",18,0.27434486150741577,0.0006799556253086858,"","","","","","","","","","","",""
6040,"2026-08-05 19:25:36.809680","train",18,0.4970662593841553,0.0006828249403359489,"","","","","","","","","","","",""
6060,"2026-08-05 19:25:37.657461","train",18,0.7770301103591919,0.0006856876954731983,"","","","","","","","","","","",""
6080,"2026-08-05 19:25:38.515894","train",18,0.7763725519180298,0.0006885437753857758,"","","","","","","","","","","",""
6100,"2026-08-05 19:25:39.368548","train",18,1.934083342552185,0.0006913930650079547,"","","","","","","","","","","",""
6120,"2026-08-05 19:25:40.207066","train",18,0.407883882522583,0.0006942354495475756,"","","","","","","","","","","",""
6140,"2026-08-05 19:25:41.041186","train",18,1.6932324171066284,0.0006970708144906705,"","","","","","","","","","","",""
6160,"2026-08-05 19:25:41.824037","train",18,0.7802713513374329,0.000699899045606077,"","","","","","","","","","","",""
6180,"2026-08-05 19:25:42.668628","train",18,0.2020108997821808,0.0007027200289500409,"","","","","","","","","","","",""
6200,"2026-08-05 19:25:43.510870","train",18,0.5881074666976929,0.0007055336508708055,"","","","","","","","","","","",""
6220,"2026-08-05 19:25:44.345593","train",18,1.0822670459747314,0.0007083397980131914,"","","","","","","","","","","",""
6240,"2026-08-05 19:25:45.186862","train",18,0.2954566478729248,0.0007111383573231628,"","","","","","","","","","","",""
6260,"2026-08-05 19:25:46.121237","train",18,1.5109670162200928,0.0007139292160523827,"","","","","","","","","","","",""
6270,"2026-08-05 19:26:02.063668","val",18,"","",0.7924591742383138,0.2833472055902506,0.674518626348177,0.693033188245931,0.5917293233082707,0.25103448275862067,0.6921212121212121,0.717948717948718,0.7740616871051654,0.625,0.7984422791914988,0.6566433566433566
6280,"2026-08-05 19:26:13.166019","train",19,0.9005233645439148,0.0007167122617627547,"","","","","","","","","","","",""
6300,"2026-08-05 19:26:13.995239","train",19,0.7301223874092102,0.0007194873823309533,"","","","","","","","","","","",""
6320,"2026-08-05 19:26:14.852796","train",19,0.33984071016311646,0.0007222544659529418,"","","","","","","","","","","",""
6340,"2026-08-05 19:26:15.664186","train",19,1.115533709526062,0.0007250134011484747,"","","","","","","","","","","",""
6360,"2026-08-05 19:26:16.488464","train",19,1.4987750053405762,0.0007277640767655912,"","","","","","","","","","","",""
6380,"2026-08-05 19:26:17.363052","train",19,0.5974650979042053,0.0007305063819850921,"","","","","","","","","","","",""
6400,"2026-08-05 19:26:18.180774","train",19,0.5493729114532471,0.0007332402063250042,"","","","","","","","","","","",""
6420,"2026-08-05 19:26:19.091677","train",19,0.2958478033542633,0.0007359654396450327,"","","","","","","","","","","",""
6440,"2026-08-05 19:26:19.868335","train",19,0.5904061198234558,0.0007386819721509973,"","","","","","","","","","","",""
6460,"2026-08-05 19:26:20.716574","train",19,1.589247703552246,0.0007413896943992565,"","","","","","","","","","","",""
6480,"2026-08-05 19:26:21.568419","train",19,0.9371424317359924,0.0007440884973011153,"","","","","","","","","","","",""
6500,"2026-08-05 19:26:22.466035","train",19,0.45739299058914185,0.0007467782721272225,"","","","","","","","","","","",""
6520,"2026-08-05 19:26:23.303060","train",19,0.977182924747467,0.0007494589105119494,"","","","","","","","","","","",""
6540,"2026-08-05 19:26:24.121053","train",19,0.4083351492881775,0.000752130304457756,"","","","","","","","","","","",""
6560,"2026-08-05 19:26:24.944621","train",19,0.9396997690200806,0.0007547923463395426,"","","","","","","","","","","",""
6580,"2026-08-05 19:26:25.765363","train",19,0.7168753147125244,0.0007574449289089851,"","","","","","","","","","","",""
6600,"2026-08-05 19:26:26.643342","train",19,2.678497314453125,0.0007600879452988564,"","","","","","","","","","","",""
6600,"2026-08-05 19:26:42.415497","val",19,"","",0.7849321035296993,0.3086156630618304,0.6528816250909812,0.6510993033481782,0.849624060150376,0.34210526315789475,0.6509090909090909,0.5897435897435898,0.7872538089929395,0.66875,0.7869485699870715,0.6244755244755245
6620,"2026-08-05 19:26:53.680102","train",20,0.9032030701637268,0.0007627212890273312,"","","","","","","","","","","",""
6640,"2026-08-05 19:26:54.510326","train",20,0.8808368444442749,0.0007653448540022764,"","","","","","","","","","","",""
6660,"2026-08-05 19:26:55.426466","train",20,0.5114665031433105,0.0007679585345255258,"","","","","","","","","","","",""
6680,"2026-08-05 19:26:56.223522","train",20,0.6979901790618896,0.0007705622252971369,"","","","","","","","","","","",""
6700,"2026-08-05 19:26:57.095142","train",20,1.0547919273376465,0.000773155821419635,"","","","","","","","","","","",""
6720,"2026-08-05 19:26:58.002505","train",20,0.6916893720626831,0.0007757392184022385,"","","","","","","","","","","",""
6740,"2026-08-05 19:26:58.825942","train",20,0.3891647458076477,0.0007783123121650685,"","","","","","","","","","","",""
6760,"2026-08-05 19:26:59.669394","train",20,0.6180083751678467,0.000780874999043342,"","","","","","","","","","","",""
6780,"2026-08-05 19:27:00.469137","train",20,2.19815993309021,0.0007834271757915487,"","","","","","","","","","","",""
6800,"2026-08-05 19:27:01.317073","train",20,0.24866385757923126,0.0007859687395876106,"","","","","","","","","","","",""
6820,"2026-08-05 19:27:02.157948","train",20,2.2917823791503906,0.0007884995880370235,"","","","","","","","","","","",""
6840,"2026-08-05 19:27:02.995294","train",20,0.3836248517036438,0.0007910196191769837,"","","","","","","","","","","",""
6860,"2026-08-05 19:27:03.832116","train",20,1.0051994323730469,0.0007935287314804948,"","","","","","","","","","","",""
6880,"2026-08-05 19:27:04.694746","train",20,0.3818790316581726,0.0007960268238604589,"","","","","","","","","","","",""
6900,"2026-08-05 19:27:05.557484","train",20,0.6926525235176086,0.0007985137956737479,"","","","","","","","","","","",""
6920,"2026-08-05 19:27:06.497126","train",20,0.8465421199798584,0.0008009895467252596,"","","","","","","","","","","",""
6930,"2026-08-05 19:27:22.642975","val",20,"","",0.8067949962173604,0.3452072594892899,0.6970819823992589,0.7095459559524632,0.706766917293233,0.29856115107913667,0.7054545454545454,0.6581196581196581,0.8078781122259383,0.71875,0.811260366411251,0.6903496503496503
6940,"2026-08-05 19:27:33.600536","train",21,1.4718515872955322,0.0008034539772719539,"","","","","","","","","","","",""
6960,"2026-08-05 19:27:34.401690","train",21,1.0469491481781006,0.0008059069880268701,"","","","","","","","","","","",""
6980,"2026-08-05 19:27:35.256900","train",21,1.3881218433380127,0.0008083484801631296,"","","","","","","","","","","",""
7000,"2026-08-05 19:27:36.164180","train",21,0.4170689284801483,0.0008107783553179145,"","","","","","","","","","","",""
7020,"2026-08-05 19:27:36.953744","train",21,1.3426988124847412,0.0008131965155964323,"","","","","","","","","","","",""
7040,"2026-08-05 19:27:37.732577","train",21,0.2624725103378296,0.000815602863575859,"","","","","","","","","","","",""
7060,"2026-08-05 19:27:38.567571","train",21,0.39734166860580444,0.000817997302309265,"","","","","","","","","","","",""
7080,"2026-08-05 19:27:39.374569","train",21,0.20895808935165405,0.00082037973532952,"","","","","","","","","","","",""
7100,"2026-08-05 19:27:40.161738","train",21,0.5234232544898987,0.0008227500666531794,"","","","","","","","","","","",""
7120,"2026-08-05 19:27:41.059491","train",21,0.46542173624038696,0.0008251082007843526,"","","","","","","","","","","",""
7140,"2026-08-05 19:27:41.904276","train",21,0.42388883233070374,0.0008274540427185486,"","","","","","","","","","","",""
7160,"2026-08-05 19:27:42.702928","train",21,0.3941616117954254,0.0008297874979465046,"","","","","","","","","","","",""
7180,"2026-08-05 19:27:43.510023","train",21,0.6807674169540405,0.0008321084724579931,"","","","","","","","","","","",""
7200,"2026-08-05 19:27:44.311883","train",21,0.3541586697101593,0.0008344168727456101,"","","","","","","","","","","",""
7220,"2026-08-05 19:27:45.183774","train",21,0.6928344964981079,0.0008367126058085417,"","","","","","","","","","","",""
7240,"2026-08-05 19:27:45.952673","train",21,0.36816996335983276,0.0008389955791563103,"","","","","","","","","","","",""
7260,"2026-08-05 19:27:46.759475","train",21,1.0077954530715942,0.0008412657008125031,"","","","","","","","","","","",""
7260,"2026-08-05 19:28:02.438499","val",21,"","",0.7954852859140614,0.3305491850946851,0.6730629259577847,0.6938451637980618,0.7872180451127819,0.32779097387173395,0.6678787878787878,0.6410256410256411,0.7902266815310293,0.640625,0.8080440198026047,0.6802797202797203
7280,"2026-08-05 19:28:13.656817","train",22,0.35153302550315857,0.0008435228793184748,"","","","","","","","","","","",""
7300,"2026-08-05 19:28:14.487108","train",22,0.9515860080718994,0.0008457670237370341,"","","","","","","","","","","",""
7320,"2026-08-05 19:28:15.389426","train",22,0.6488919258117676,0.0008479980436561075,"","","","","","","","","","","",""
7340,"2026-08-05 19:28:16.239831","train",22,0.6472885012626648,0.0008502158491923799,"","","","","","","","","","","",""
7360,"2026-08-05 19:28:17.066945","train",22,1.734247088432312,0.0008524203509949187,"","","","","","","","","","","",""
7380,"2026-08-05 19:28:17.887110","train",22,0.9084228873252869,0.0008546114602487706,"","","","","","","","","","","",""
7400,"2026-08-05 19:28:18.762911","train",22,0.45858797430992126,0.0008567890886785426,"","","","","","","","","","","",""
7420,"2026-08-05 19:28:19.631687","train",22,0.5095728039741516,0.0008589531485519559,"","","","","","","","","","","",""
7440,"2026-08-05 19:28:20.525503","train",22,0.42891404032707214,0.000861103552683382,"","","","","","","","","","","",""
7460,"2026-08-05 19:28:21.337883","train",22,0.38552284240722656,0.0008632402144373552,"","","","","","","","","","","",""
7480,"2026-08-05 19:28:22.183859","train",22,0.6110392808914185,0.000865363047732062,"","","","","","","","","","","",""
7500,"2026-08-05 19:28:23.035047","train",22,0.494562566280365,0.0008674719670428103,"","","","","","","","","","","",""
7520,"2026-08-05 19:28:23.851761","train",22,0.34240713715553284,0.0008695668874054737,"","","","","","","","","","","",""
7540,"2026-08-05 19:28:24.725022","train",22,0.30543678998947144,0.0008716477244199163,"","","","","","","","","","","",""
7560,"2026-08-05 19:28:25.646316","train",22,1.617616891860962,0.0008737143942533916,"","","","","","","","","","","",""
7580,"2026-08-05 19:28:26.520822","train",22,0.4369937777519226,0.0008757668136439201,"","","","","","","","","","","",""
7590,"2026-08-05 19:28:42.658360","val",22,"","",0.8028518810035075,0.30724925261378677,0.6925825448289552,0.710969147739925,0.7007518796992481,0.2841726618705036,0.7066666666666666,0.7692307692307693,0.8019323671497585,0.6828125,0.8079336549679941,0.673986013986014
7600,"2026-08-05 19:28:53.561070","train",23,0.5046941041946411,0.0008778048999036446,"","","","","","","","","","","",""
7620,"2026-08-05 19:28:54.387689","train",23,0.3889220654964447,0.0008798285709221603,"","","","","","","","","","","",""
7640,"2026-08-05 19:28:55.223420","train",23,0.645875871181488,0.0008818377451698242,"","","","","","","","","","","",""
7660,"2026-08-05 19:28:56.041308","train",23,0.515528678894043,0.0008838323417010386,"","","","","","","","","","","",""
7680,"2026-08-05 19:28:56.862288","train",23,0.8833312392234802,0.0008858122801575133,"","","","","","","","","","","",""
7700,"2026-08-05 19:28:57.698510","train",23,0.5278164744377136,0.0008877774807715017,"","","","","","","","","","","",""
7720,"2026-08-05 19:28:58.495182","train",23,0.4910162091255188,0.0008897278643690159,"","","","","","","","","","","",""
7740,"2026-08-05 19:28:59.341000","train",23,0.9358566403388977,0.0008916633523730158,"","","","","","","","","","","",""
7760,"2026-08-05 19:29:00.278968","train",23,0.9986883997917175,0.0008935838668065746,"","","","","","","","","","","",""
7780,"2026-08-05 19:29:01.110500","train",23,0.8198147416114807,0.0008954893302960209,"","","","","","","","","","","",""
7800,"2026-08-05 19:29:01.878666","train",23,0.7213343381881714,0.0008973796660740552,"","","","","","","","","","","",""
7820,"2026-08-05 19:29:02.682414","train",23,0.46249353885650635,0.0008992547979828439,"","","","","","","","","","","",""
7840,"2026-08-05 19:29:03.559694","train",23,0.5273090600967407,0.0009011146504770858,"","","","","","","","","","","",""
7860,"2026-08-05 19:29:04.444841","train",23,0.46765872836112976,0.0009029591486270572,"","","","","","","","","","","",""
7880,"2026-08-05 19:29:05.250928","train",23,0.5581427812576294,0.0009047882181216303,"","","","","","","","","","","",""
7900,"2026-08-05 19:29:06.196702","train",23,0.31502652168273926,0.0009066017852712663,"","","","","","","","","","","",""
7920,"2026-08-05 19:29:06.929908","train",23,0.24950334429740906,0.0009083997770109851,"","","","","","","","","","","",""
7920,"2026-08-05 19:29:22.802179","val",23,"","",0.7920847311269209,0.2909229670275018,0.6741216171507973,0.6997050482851941,0.8428571428571429,0.35294117647058826,0.6763636363636364,0.6923076923076923,0.7803790412486065,0.628125,0.8046700091445149,0.6774825174825175
7940,"2026-08-05 19:29:34.101397","train",24,1.4060790538787842,0.0009101821209033087,"","","","","","","","","","","",""
7960,"2026-08-05 19:29:34.993625","train",24,1.5100165605545044,0.0009119487451411793,"","","","","","","","","","","",""
7980,"2026-08-05 19:29:35.821185","train",24,1.6911126375198364,0.0009136995785508522,"","","","","","","","","","","",""
8000,"2026-08-05 19:29:36.690340","train",24,0.3037281036376953,0.0009154345505947639,"","","","","","","","","","","",""
8020,"2026-08-05 19:29:37.525034","train",24,0.2877512574195862,0.0009171535913743734,"","","","","","","","","","","",""
8040,"2026-08-05 19:29:38.371714","train",24,1.7221486568450928,0.0009188566316329779,"","","","","","","","","","","",""
8060,"2026-08-05 19:29:39.188630","train",24,0.6903360486030579,0.0009205436027585041,"","","","","","","","","","","",""
8080,"2026-08-05 19:29:40.009775","train",24,0.31316110491752625,0.0009222144367862716,"","","","","","","","","","","",""
8100,"2026-08-05 19:29:40.935684","train",24,0.9102296829223633,0.0009238690664017311,"","","","","","","","","","","",""
8120,"2026-08-05 19:29:41.887031","train",24,1.1022529602050781,0.0009255074249431767,"","","","","","","","","","","",""
8140,"2026-08-05 19:29:42.746697","train",24,0.47706276178359985,0.0009271294464044312,"","","","","","","","","","","",""
8160,"2026-08-05 19:29:43.527990","train",24,0.4875827431678772,0.0009287350654375061,"","","","","","","","","","","",""
8180,"2026-08-05 19:29:44.346766","train",24,0.9544755220413208,0.0009303242173552332,"","","","","","","","","","","",""
8200,"2026-08-05 19:29:45.135327","train",24,0.47570833563804626,0.0009318968381338715,"","","","","","","","","","","",""
8220,"2026-08-05 19:29:46.071595","train",24,0.4045109748840332,0.0009334528644156868,"","","","","","","","","","","",""
8240,"2026-08-05 19:29:47.104844","train",24,0.38144224882125854,0.0009349922335115035,"","","","","","","","","","","",""
8250,"2026-08-05 19:30:03.172419","val",24,"","",0.7995124597855741,0.3311819175336761,0.6755773175411897,0.6963720392856407,0.7563909774436091,0.30472103004291845,0.6763636363636363,0.6752136752136753,0.829059829059829,0.7625,0.7978904550184467,0.6381818181818182
8260,"2026-08-05 19:30:14.116047","train",25,0.4881630539894104,0.0009365148834032304,"","","","","","","","","","","",""
8280,"2026-08-05 19:30:14.908091","train",25,0.34213751554489136,0.00093802075274636,"","","","","","","","","","","",""
8300,"2026-08-05 19:30:15.693825","train",25,0.4665629267692566,0.0009395097808724389,"","","","","","","","","","","",""
8320,"2026-08-05 19:30:16.571089","train",25,1.4345463514328003,0.0009409819077915129,"","","","","","","","","","","",""
8340,"2026-08-05 19:30:17.419386","train",25,0.7795400619506836,0.0009424370741945435,"","","","","","","","","","","",""
8360,"2026-08-05 19:30:18.317129","train",25,0.6373792886734009,0.0009438752214557969,"","","","","","","","","","","",""
8380,"2026-08-05 19:30:19.190796","train",25,0.5130305290222168,0.000945296291635207,"","","","","","","","","","","",""
8400,"2026-08-05 19:30:20.019622","train",25,0.2652958631515503,0.0009467002274807086,"","","","","","","","","","","",""
8420,"2026-08-05 19:30:20.919341","train",25,1.0369489192962646,0.0009480869724305444,"","","","","","","","","","","",""
8440,"2026-08-05 19:30:21.777476","train",25,0.343034029006958,0.0009494564706155443,"","","","","","","","","","","",""
8460,"2026-08-05 19:30:22.597442","train",25,0.7470946311950684,0.000950808666861375,"","","","","","","","","","","",""
8480,"2026-08-05 19:30:23.433902","train",25,0.3805668354034424,0.0009521435066907642,"","","","","","","","","","","",""
8500,"2026-08-05 19:30:24.327283","train",25,1.1684097051620483,0.0009534609363256944,"","","","","","","","","","","",""
8520,"2026-08-05 19:30:25.160432","train",25,0.6556983590126038,0.0009547609026895703,"","","","","","","","","","","",""
8540,"2026-08-05 19:30:26.095593","train",25,0.9771883487701416,0.0009560433534093561,"","","","","","","","","","","",""
8560,"2026-08-05 19:30:26.965417","train",25,0.36031222343444824,0.0009573082368176868,"","","","","","","","","","","",""
8580,"2026-08-05 19:30:27.777266","train",25,0.23365454375743866,0.0009585555019549487,"","","","","","","","","","","",""
8580,"2026-08-05 19:30:43.609243","val",25,"","",0.8063594195367604,0.33109935103081545,0.702573942963012,0.7055704610702845,0.7924812030075188,0.34285714285714286,0.6945454545454546,0.6923076923076923,0.8062058714232628,0.7125,0.8157064926055562,0.703076923076923
8600,"2026-08-05 19:30:54.897845","train",26,0.45340222120285034,0.000959785098571333,"","","","","","","","","","","",""
8620,"2026-08-05 19:30:55.829766","train",26,0.5438448190689087,0.0009609969771288602,"","","","","","","","","","","",""
8640,"2026-08-05 19:30:56.648895","train",26,0.4995432496070862,0.0009621910888033758,"","","","","","","","","","","",""
8660,"2026-08-05 19:30:57.533500","train",26,0.33918875455856323,0.0009633673854865173,"","","","","","","","","","","",""
8680,"2026-08-05 19:30:58.342925","train",26,0.6931051015853882,0.0009645258197876525,"","","","","","","","","","","",""
8700,"2026-08-05 19:30:59.252626","train",26,0.4869942367076874,0.0009656663450357887,"","","","","","","","","","","",""
8720,"2026-08-05 19:31:00.082823","train",26,1.9365419149398804,0.000966788915281453,"","","","","","","","","","","",""
8740,"2026-08-05 19:31:00.888322","train",26,2.240083694458008,0.0009678934852985432,"","","","","","","","","","","",""
8760,"2026-08-05 19:31:01.757975","train",26,0.25675833225250244,0.0009689800105861508,"","","","","","","","","","","",""
8780,"2026-08-05 19:31:02.603281","train",26,0.3582700192928314,0.0009700484473703528,"","","","","","","","","","","",""
8800,"2026-08-05 19:31:03.491896","train",26,1.659435510635376,0.0009710987526059759,"","","","","","","","","","","",""
8820,"2026-08-05 19:31:04.326556","train",26,0.7100331783294678,0.0009721308839783304,"","","","","","","","","","","",""
8840,"2026-08-05 19:31:05.237192","train",26,0.2415609508752823,0.0009731447999049149,"","","","","","","","","","","",""
8860,"2026-08-05 19:31:06.134440","train",26,0.49314314126968384,0.0009741404595370919,"","","","","","","","","","","",""
8880,"2026-08-05 19:31:06.954876","train",26,0.4123748540878296,0.0009751178227617336,"","","","","","","","","","","",""
8900,"2026-08-05 19:31:07.874652","train",26,0.8812576532363892,0.0009760768502028374,"","","","","","","","","","","",""
8910,"2026-08-05 19:31:24.237614","val",26,"","",0.7971893841557072,0.2931504536348593,0.6802752597101833,0.6940140910932695,0.762406015037594,0.31601731601731603,0.6278787878787879,0.5470085470085471,0.7881828316610926,0.63125,0.815659193390723,0.7044755244755245
8920,"2026-08-05 19:31:35.099539","train",27,0.8253883123397827,0.0009770175032231124,"","","","","","","","","","","",""
8940,"2026-08-05 19:31:36.058750","train",27,0.2359350621700287,0.0009779397439255372,"","","","","","","","","","","",""
8960,"2026-08-05 19:31:36.999978","train",27,0.9752324819564819,0.0009788435351548845,"","","","","","","","","","","",""
8980,"2026-08-05 19:31:37.884002","train",27,0.4778749346733093,0.0009797288404992202,"","","","","","","","","","","",""
9000,"2026-08-05 19:31:38.782186","train",27,0.5797357559204102,0.0009805956242913687,"","","","","","","","","","","",""
9020,"2026-08-05 19:31:39.649295","train",27,0.8906848430633545,0.000981443851610351,"","","","","","","","","","","",""
9040,"2026-08-05 19:31:40.507664","train",27,0.31094223260879517,0.0009822734882827912,"","","","","","","","","","","",""
9060,"2026-08-05 19:31:41.385836","train",27,0.2639819085597992,0.0009830845008842928,"","","","","","","","","","","",""
9080,"2026-08-05 19:31:42.236853","train",27,1.1378780603408813,0.0009838768567407862,"","","","","","","","","","","",""
9100,"2026-08-05 19:31:43.022708","train",27,0.5673857927322388,0.0009846505239298443,"","","","","","","","","","","",""
9120,"2026-08-05 19:31:43.824980","train",27,0.6018092036247253,0.0009854054712819691,"","","","","","","","","","","",""
9140,"2026-08-05 19:31:44.610740","train",27,0.6041678190231323,0.000986141668381847,"","","","","","","","","","","",""
9160,"2026-08-05 19:31:45.422249","train",27,1.1063692569732666,0.000986859085569575,"","","","","","","","","","","",""
9180,"2026-08-05 19:31:46.263424","train",27,0.3994443118572235,0.000987557693941854,"","","","","","","","","","","",""
9200,"2026-08-05 19:31:47.152778","train",27,0.3842921257019043,0.0009882374653531554,"","","","","","","","","","","",""
9220,"2026-08-05 19:31:47.942578","train",27,0.4899325966835022,0.0009888983724168536,"","","","","","","","","","","",""
9240,"2026-08-05 19:31:48.708569","train",27,0.20012158155441284,0.0009895403885063292,"","","","","","","","","","","",""
9240,"2026-08-05 19:32:04.529680","val",27,"","",0.8080788011707078,0.3369985359147166,0.70555151194336,0.7105344921331135,0.7646616541353384,0.3297644539614561,0.6787878787878788,0.6324786324786325,0.840393905611297,0.784375,0.8077917573234952,0.6917482517482517
9260,"2026-08-05 19:32:15.902983","train",28,0.706402599811554,0.000990163487756043,"","","","","","","","","","","",""
9280,"2026-08-05 19:32:16.730173","train",28,0.8439491987228394,0.000990767645062577,"","","","","","","","","","","",""
9300,"2026-08-05 19:32:17.601838","train",28,0.27238503098487854,0.0009913528360856458,"","","","","","","","","","","",""
9320,"2026-08-05 19:32:18.426075","train",28,1.074813961982727,0.0009919190372490777,"","","","","","","","","","","",""
9340,"2026-08-05 19:32:19.381299","train",28,0.6493302583694458,0.0009924662257417645,"","","","","","","","","","","",""
9360,"2026-08-05 19:32:20.358973","train",28,0.5575135946273804,0.00099299437951858,"","","","","","","","","","","",""
9380,"2026-08-05 19:32:21.352280","train",28,0.6082801818847656,0.000993503477301269,"","","","","","","","","","","",""
9400,"2026-08-05 19:32:22.298798","train",28,1.5961381196975708,0.0009939934985793034,"","","","","","","","","","","",""
9420,"2026-08-05 19:32:23.068302","train",28,0.8529678583145142,0.0009944644236107097,"","","","","","","","","","","",""
9440,"2026-08-05 19:32:23.950160","train",28,0.26798439025878906,0.0009949162334228635,"","","","","","","","","","","",""
9460,"2026-08-05 19:32:24.794329","train",28,0.8123725652694702,0.0009953489098132543,"","","","","","","","","","","",""
9480,"2026-08-05 19:32:25.634111","train",28,0.45218709111213684,0.0009957624353502193,"","","","","","","","","","","",""
9500,"2026-08-05 19:32:26.501964","train",28,0.30706438422203064,0.0009961567933736441,"","","","","","","","","","","",""
9520,"2026-08-05 19:32:27.336363","train",28,1.1212233304977417,0.0009965319679956358,"","","","","","","","","","","",""
9540,"2026-08-05 19:32:28.228882","train",28,0.31872227787971497,0.000996887944101162,"","","","","","","","","","","",""
9560,"2026-08-05 19:32:29.042208","train",28,0.2959790527820587,0.0009972247073486598,"","","","","","","","","","","",""
9570,"2026-08-05 19:32:45.276647","val",28,"","",0.8026684802958864,0.32602949791204455,0.6789518957189175,0.6842202127549123,0.5834586466165413,0.2452316076294278,0.7115151515151515,0.7606837606837606,0.8008175399479747,0.68125,0.8107400750480875,0.6833566433566434
9580,"2026-08-05 19:32:56.218470","train",29,0.238001748919487,0.000997542244170614,"","","","","","","","","","","",""
9600,"2026-08-05 19:32:57.018926","train",29,0.359607070684433,0.0009978405417741035,"","","","","","","","","","","",""
9620,"2026-08-05 19:32:57.978980","train",29,1.0267049074172974,0.0009981195881413165,"","","","","","","","","","","",""
9640,"2026-08-05 19:32:58.845065","train",29,0.3413306474685669,0.000998379372030035,"","","","","","","","","","","",""
9660,"2026-08-05 19:32:59.681470","train",29,0.48726171255111694,0.0009986198829740876,"","","","","","","","","","","",""
9680,"2026-08-05 19:33:00.500143","train",29,0.6008526086807251,0.000998841111283771,"","","","","","","","","","","",""
9700,"2026-08-05 19:33:01.367282","train",29,0.2946833372116089,0.0009990430480462408,"","","","","","","","","","","",""
9720,"2026-08-05 19:33:02.251530","train",29,0.8007534146308899,0.0009992256851258704,"","","","","","","","","","","",""
9740,"2026-08-05 19:33:03.118248","train",29,0.31948602199554443,0.0009993890151645782,"","","","","","","","","","","",""
9760,"2026-08-05 19:33:03.972874","train",29,0.578240156173706,0.0009995330315821247,"","","","","","","","","","","",""
9780,"2026-08-05 19:33:04.829385","train",29,1.0125964879989624,0.0009996577285763775,"","","","","","","","","","","",""
9800,"2026-08-05 19:33:05.650454","train",29,0.8770661354064941,0.0009997631011235454,"","","","","","","","","","","",""
9820,"2026-08-05 19:33:06.452157","train",29,1.0424833297729492,0.0009998491449783797,"","","","","","","","","","","",""
9840,"2026-08-05 19:33:07.320552","train",29,0.34750252962112427,0.0009999158566743461,"","","","","","","","","","","",""
9860,"2026-08-05 19:33:08.174721","train",29,0.8915222883224487,0.0009999632335237645,"","","","","","","","","","","",""
9880,"2026-08-05 19:33:08.977347","train",29,1.2878944873809814,0.0009999912736179167,"","","","","","","","","","","",""
9900,"2026-08-05 19:33:09.785971","train",29,1.8184664249420166,0.0009999999953760402,"","","","","","","","","","","",""
9900,"2026-08-05 19:33:25.643643","val",29,"","",0.7935366533955877,0.2818647582641324,0.6727320849599683,0.691716235423706,0.7263157894736842,0.2890625,0.673939393939394,0.6752136752136753,0.7837235228539576,0.6359375,0.8061047519944503,0.6758041958041958
